Architecture	Latent Dim	Sandard Deviation	Batch Size	Epochs	Learning Rate	Kernel Size	Filters	Stride	Loss	Davies-Bouldin Score	Calinski-Harabasz Score
MLP	8	0.05	128	1	0.0005	4	8	1	0.43	3.74	4518.08	
MLP	8	0.05	128	1	0.0005	4	8	2	0.72	3.74	4629.55	
MLP	8	0.05	128	1	0.0005	4	8	4	0.92	4.61	3073.99	
MLP	8	0.05	128	1	0.0005	4	24	1	0.24	3.91	4199.33	
MLP	8	0.05	128	1	0.0005	4	24	2	0.32	3.76	4571.31	
MLP	8	0.05	128	1	0.0005	4	24	4	0.33	3.44	5424.32	
MLP	8	0.05	128	1	0.0005	4	48	1	0.19	4.03	3976.88	
MLP	8	0.05	128	1	0.0005	4	48	2	0.2	3.66	4802.78	
MLP	8	0.05	128	1	0.0005	4	48	4	0.24	3.71	4725.64	
MLP	8	0.05	128	1	0.0005	8	8	1	0.34	4.14	3801.79	
MLP	8	0.05	128	1	0.0005	8	8	2	0.49	6.02	1784.2	
MLP	8	0.05	128	1	0.0005	8	8	4	0.59	5.42	2194.8	
MLP	8	0.05	128	1	0.0005	8	24	1	0.25	3.42	5470.36	
MLP	8	0.05	128	1	0.0005	8	24	2	0.27	3.94	4103.81	
MLP	8	0.05	128	1	0.0005	8	24	4	0.33	3.87	4261.57	
MLP	8	0.05	128	1	0.0005	8	48	1	0.19	4.18	3671.12	
MLP	8	0.05	128	1	0.0005	8	48	2	0.23	3.34	5774.28	
MLP	8	0.05	128	1	0.0005	8	48	4	0.27	3.66	4789.95	
MLP	8	0.05	128	1	0.0005	16	8	1	0.71	3.71	4673.78	
MLP	8	0.05	128	1	0.0005	16	8	2	0.91	2.88	7989.89	
MLP	8	0.05	128	1	0.0005	16	8	4	0.83	4.61	3035.38	
MLP	8	0.05	128	1	0.0005	16	24	1	0.23	3.87	4334.77	
MLP	8	0.05	128	1	0.0005	16	24	2	0.22	3.86	4394.08	
MLP	8	0.05	128	1	0.0005	16	24	4	0.39	3.85	4322.76	
MLP	8	0.05	128	1	0.0005	16	48	1	0.18	3.56	5087.2	
MLP	8	0.05	128	1	0.0005	16	48	2	0.19	3.73	4600.65	
MLP	8	0.05	128	1	0.0005	16	48	4	0.23	3.85	4280.89	
MLP	8	0.05	128	5	0.0005	4	8	1	0.49	3.97	4016.86	
MLP	8	0.05	128	5	0.0005	4	8	2	0.77	3.68	4688.11	
MLP	8	0.05	128	5	0.0005	4	8	4	0.74	3.99	4096.94	
MLP	8	0.05	128	5	0.0005	4	24	1	0.24	4.12	3731.54	
MLP	8	0.05	128	5	0.0005	4	24	2	0.31	4.0	4039.25	
MLP	8	0.05	128	5	0.0005	4	24	4	0.33	4.15	3685.9	
MLP	8	0.05	128	5	0.0005	4	48	1	0.22	4.43	3511.86	
MLP	8	0.05	128	5	0.0005	4	48	2	0.24	4.33	3587.97	
MLP	8	0.05	128	5	0.0005	4	48	4	0.24	4.12	3781.52	
MLP	8	0.05	128	5	0.0005	8	8	1	0.61	3.83	4388.46	
MLP	8	0.05	128	5	0.0005	8	8	2	0.76	4.01	3969.49	
MLP	8	0.05	128	5	0.0005	8	8	4	0.99	3.9	4247.51	
MLP	8	0.05	128	5	0.0005	8	24	1	0.27	4.0	4070.46	
MLP	8	0.05	128	5	0.0005	8	24	2	0.35	3.64	4801.69	
MLP	8	0.05	128	5	0.0005	8	24	4	0.32	4.07	3883.82	
MLP	8	0.05	128	5	0.0005	8	48	1	0.19	4.42	3566.05	
MLP	8	0.05	128	5	0.0005	8	48	2	0.21	4.11	3977.35	
MLP	8	0.05	128	5	0.0005	8	48	4	0.22	4.15	3830.79	
MLP	8	0.05	128	5	0.0005	16	8	1	0.41	3.78	4455.78	
MLP	8	0.05	128	5	0.0005	16	8	2	0.42	3.79	4449.77	
MLP	8	0.05	128	5	0.0005	16	8	4	0.7	5.82	1886.21	
MLP	8	0.05	128	5	0.0005	16	24	1	0.27	3.96	4078.37	
MLP	8	0.05	128	5	0.0005	16	24	2	0.47	4.1	3930.66	
MLP	8	0.05	128	5	0.0005	16	24	4	0.29	3.85	4295.22	
MLP	8	0.05	128	5	0.0005	16	48	1	0.2	3.91	4298.64	
MLP	8	0.05	128	5	0.0005	16	48	2	0.21	4.06	4015.2	
MLP	8	0.05	128	5	0.0005	16	48	4	0.28	3.99	4153.04	
MLP	8	0.05	128	10	0.0005	4	8	1	0.44	4.05	3864.06	
MLP	8	0.05	128	10	0.0005	4	8	2	0.52	3.8	4449.2	
MLP	8	0.05	128	10	0.0005	4	8	4	0.82	3.82	4336.06	
MLP	8	0.05	128	10	0.0005	4	24	1	0.22	4.21	4384.73	
MLP	8	0.05	128	10	0.0005	4	24	2	0.35	4.17	3793.87	
MLP	8	0.05	128	10	0.0005	4	24	4	0.3	4.59	3084.19	
MLP	8	0.05	128	10	0.0005	4	48	1	0.24	4.32	3818.81	
MLP	8	0.05	128	10	0.0005	4	48	2	0.27	3.77	4510.07	
MLP	8	0.05	128	10	0.0005	4	48	4	0.26	4.3	3732.45	
MLP	8	0.05	128	10	0.0005	8	8	1	0.41	3.94	4115.03	
MLP	8	0.05	128	10	0.0005	8	8	2	0.55	3.68	4674.15	
MLP	8	0.05	128	10	0.0005	8	8	4	0.82	3.84	4329.32	
MLP	8	0.05	128	10	0.0005	8	24	1	0.24	4.05	3965.4	
MLP	8	0.05	128	10	0.0005	8	24	2	0.37	3.87	4249.57	
MLP	8	0.05	128	10	0.0005	8	24	4	0.38	4.18	3807.2	
MLP	8	0.05	128	10	0.0005	8	48	1	0.23	3.97	4654.82	
MLP	8	0.05	128	10	0.0005	8	48	2	0.26	4.41	3708.84	
MLP	8	0.05	128	10	0.0005	8	48	4	0.2	4.54	3307.32	
MLP	8	0.05	128	10	0.0005	16	8	1	0.46	3.69	4728.64	
MLP	8	0.05	128	10	0.0005	16	8	2	0.46	4.1	3755.29	
MLP	8	0.05	128	10	0.0005	16	8	4	1.02	3.86	4311.64	
MLP	8	0.05	128	10	0.0005	16	24	1	0.29	3.89	4186.39	
MLP	8	0.05	128	10	0.0005	16	24	2	0.28	4.56	3277.69	
MLP	8	0.05	128	10	0.0005	16	24	4	0.24	3.78	4408.34	
MLP	8	0.05	128	10	0.0005	16	48	1	0.2	3.62	4808.75	
MLP	8	0.05	128	10	0.0005	16	48	2	0.2	4.05	4099.28	
MLP	8	0.05	128	10	0.0005	16	48	4	0.23	3.74	4614.68	
MLP	8	0.05	128	20	0.0005	4	8	1	0.52	3.61	4866.47	
MLP	8	0.05	128	20	0.0005	4	8	2	0.54	3.93	4091.38	
MLP	8	0.05	128	20	0.0005	4	8	4	0.6	3.72	4602.17	
MLP	8	0.05	128	20	0.0005	4	24	1	0.29	4.32	3635.77	
MLP	8	0.05	128	20	0.0005	4	24	2	0.42	4.25	3692.52	
MLP	8	0.05	128	20	0.0005	4	24	4	0.38	4.32	3475.51	
MLP	8	0.05	128	20	0.0005	4	48	1	0.2	4.1	3830.81	
MLP	8	0.05	128	20	0.0005	4	48	2	0.22	4.2	3811.59	
MLP	8	0.05	128	20	0.0005	4	48	4	0.22	3.88	4164.61	
MLP	8	0.05	128	20	0.0005	8	8	1	0.34	3.98	3962.1	
MLP	8	0.05	128	20	0.0005	8	8	2	0.44	3.87	4208.77	
MLP	8	0.05	128	20	0.0005	8	8	4	0.73	3.78	4460.08	
MLP	8	0.05	128	20	0.0005	8	24	1	0.26	4.06	4062.87	
MLP	8	0.05	128	20	0.0005	8	24	2	0.25	4.13	3851.46	
MLP	8	0.05	128	20	0.0005	8	24	4	0.29	4.08	3964.5	
MLP	8	0.05	128	20	0.0005	8	48	1	0.2	3.71	4541.97	
MLP	8	0.05	128	20	0.0005	8	48	2	0.23	4.35	3616.3	
MLP	8	0.05	128	20	0.0005	8	48	4	0.27	3.98	3954.55	
MLP	8	0.05	128	20	0.0005	16	8	1	0.76	3.81	4376.51	
MLP	8	0.05	128	20	0.0005	16	8	2	0.52	3.75	4504.53	
MLP	8	0.05	128	20	0.0005	16	8	4	0.59	3.71	4575.23	
MLP	8	0.05	128	20	0.0005	16	24	1	0.22	4.14	3849.76	
MLP	8	0.05	128	20	0.0005	16	24	2	0.26	4.01	4008.72	
MLP	8	0.05	128	20	0.0005	16	24	4	0.34	4.37	3497.28	
MLP	8	0.05	128	20	0.0005	16	48	1	0.21	4.15	4227.51	
MLP	8	0.05	128	20	0.0005	16	48	2	0.24	4.22	3511.47	
MLP	8	0.05	128	20	0.0005	16	48	4	0.31	3.53	5034.44	
MLP	8	0.1	128	1	0.0005	4	8	1	0.7	4.68	2893.45	
MLP	8	0.1	128	1	0.0005	4	8	2	0.62	4.48	3135.38	
MLP	8	0.1	128	1	0.0005	4	8	4	0.73	4.76	2853.99	
MLP	8	0.1	128	1	0.0005	4	24	1	0.38	3.93	4133.86	
MLP	8	0.1	128	1	0.0005	4	24	2	0.39	4.54	3086.06	
MLP	8	0.1	128	1	0.0005	4	24	4	0.47	4.08	3786.94	
MLP	8	0.1	128	1	0.0005	4	48	1	0.35	4.25	3585.73	
MLP	8	0.1	128	1	0.0005	4	48	2	0.33	3.95	4233.77	
MLP	8	0.1	128	1	0.0005	4	48	4	0.42	4.3	3544.41	
MLP	8	0.1	128	1	0.0005	8	8	1	0.49	4.61	3140.76	
MLP	8	0.1	128	1	0.0005	8	8	2	0.67	4.45	3190.65	
MLP	8	0.1	128	1	0.0005	8	8	4	0.65	4.95	2566.03	
MLP	8	0.1	128	1	0.0005	8	24	1	0.39	4.4	3321.16	
MLP	8	0.1	128	1	0.0005	8	24	2	0.36	4.23	3548.62	
MLP	8	0.1	128	1	0.0005	8	24	4	0.4	4.08	3830.13	
MLP	8	0.1	128	1	0.0005	8	48	1	0.33	4.09	3852.74	
MLP	8	0.1	128	1	0.0005	8	48	2	0.33	4.38	3343.62	
MLP	8	0.1	128	1	0.0005	8	48	4	0.37	4.42	3254.75	
MLP	8	0.1	128	1	0.0005	16	8	1	0.57	4.49	3117.66	
MLP	8	0.1	128	1	0.0005	16	8	2	0.63	6.26	1805.28	
MLP	8	0.1	128	1	0.0005	16	8	4	0.93	4.44	3282.78	
MLP	8	0.1	128	1	0.0005	16	24	1	0.34	4.3	3502.19	
MLP	8	0.1	128	1	0.0005	16	24	2	0.38	3.84	4307.65	
MLP	8	0.1	128	1	0.0005	16	24	4	0.38	4.47	3145.39	
MLP	8	0.1	128	1	0.0005	16	48	1	0.31	4.0	4346.73	
MLP	8	0.1	128	1	0.0005	16	48	2	0.31	4.55	3072.6	
MLP	8	0.1	128	1	0.0005	16	48	4	0.3	4.31	3426.99	
MLP	8	0.1	128	5	0.0005	4	8	1	0.54	4.69	3159.92	
MLP	8	0.1	128	5	0.0005	4	8	2	0.96	4.37	3398.36	
MLP	8	0.1	128	5	0.0005	4	8	4	0.92	4.11	3752.29	
MLP	8	0.1	128	5	0.0005	4	24	1	0.35	3.91	4144.66	
MLP	8	0.1	128	5	0.0005	4	24	2	0.37	4.94	2676.03	
MLP	8	0.1	128	5	0.0005	4	24	4	0.43	4.53	3140.37	
MLP	8	0.1	128	5	0.0005	4	48	1	0.32	4.77	2990.36	
MLP	8	0.1	128	5	0.0005	4	48	2	0.32	4.72	3171.67	
MLP	8	0.1	128	5	0.0005	4	48	4	0.32	4.36	3401.79	
MLP	8	0.1	128	5	0.0005	8	8	1	0.62	4.47	3385.75	
MLP	8	0.1	128	5	0.0005	8	8	2	0.75	4.3	3503.45	
MLP	8	0.1	128	5	0.0005	8	8	4	0.63	4.18	3668.49	
MLP	8	0.1	128	5	0.0005	8	24	1	0.37	4.44	3577.21	
MLP	8	0.1	128	5	0.0005	8	24	2	0.35	3.99	3951.81	
MLP	8	0.1	128	5	0.0005	8	24	4	0.45	4.23	3530.08	
MLP	8	0.1	128	5	0.0005	8	48	1	0.3	4.25	3887.54	
MLP	8	0.1	128	5	0.0005	8	48	2	0.32	4.71	3098.31	
MLP	8	0.1	128	5	0.0005	8	48	4	0.35	4.42	3570.72	
MLP	8	0.1	128	5	0.0005	16	8	1	0.63	3.87	4190.22	
MLP	8	0.1	128	5	0.0005	16	8	2	0.74	3.96	4061.8	
MLP	8	0.1	128	5	0.0005	16	8	4	0.8	4.44	3185.36	
MLP	8	0.1	128	5	0.0005	16	24	1	0.35	4.66	3301.2	
MLP	8	0.1	128	5	0.0005	16	24	2	0.44	4.32	3459.71	
MLP	8	0.1	128	5	0.0005	16	24	4	0.39	3.86	4232.92	
MLP	8	0.1	128	5	0.0005	16	48	1	0.29	4.76	3062.28	
MLP	8	0.1	128	5	0.0005	16	48	2	0.3	4.98	2709.23	
MLP	8	0.1	128	5	0.0005	16	48	4	0.3	4.91	2866.87	
MLP	8	0.1	128	10	0.0005	4	8	1	0.52	4.5	3253.65	
MLP	8	0.1	128	10	0.0005	4	8	2	0.77	4.84	2996.52	
MLP	8	0.1	128	10	0.0005	4	8	4	0.75	4.0	3928.65	
MLP	8	0.1	128	10	0.0005	4	24	1	0.35	4.44	3316.24	
MLP	8	0.1	128	10	0.0005	4	24	2	0.45	4.62	2964.63	
MLP	8	0.1	128	10	0.0005	4	24	4	0.49	4.47	3316.62	
MLP	8	0.1	128	10	0.0005	4	48	1	0.36	4.69	3220.4	
MLP	8	0.1	128	10	0.0005	4	48	2	0.33	4.84	3080.53	
MLP	8	0.1	128	10	0.0005	4	48	4	0.34	4.55	3638.6	
MLP	8	0.1	128	10	0.0005	8	8	1	0.7	4.57	3056.09	
MLP	8	0.1	128	10	0.0005	8	8	2	0.63	4.29	3531.3	
MLP	8	0.1	128	10	0.0005	8	8	4	0.75	4.13	3805.43	
MLP	8	0.1	128	10	0.0005	8	24	1	0.34	4.68	2965.0	
MLP	8	0.1	128	10	0.0005	8	24	2	0.37	3.74	4492.28	
MLP	8	0.1	128	10	0.0005	8	24	4	0.44	4.29	3498.15	
MLP	8	0.1	128	10	0.0005	8	48	1	0.31	4.78	3054.61	
MLP	8	0.1	128	10	0.0005	8	48	2	0.31	4.87	3195.2	
MLP	8	0.1	128	10	0.0005	8	48	4	0.34	4.43	3553.15	
MLP	8	0.1	128	10	0.0005	16	8	1	0.6	4.64	3087.79	
MLP	8	0.1	128	10	0.0005	16	8	2	0.67	4.04	3861.96	
MLP	8	0.1	128	10	0.0005	16	8	4	0.61	4.1	3727.89	
MLP	8	0.1	128	10	0.0005	16	24	1	0.4	4.88	2759.87	
MLP	8	0.1	128	10	0.0005	16	24	2	0.37	4.37	3552.49	
MLP	8	0.1	128	10	0.0005	16	24	4	0.38	4.47	3447.51	
MLP	8	0.1	128	10	0.0005	16	48	1	0.3	4.48	3458.47	
MLP	8	0.1	128	10	0.0005	16	48	2	0.31	5.03	2778.05	
MLP	8	0.1	128	10	0.0005	16	48	4	0.38	4.87	2937.39	
MLP	8	0.1	128	20	0.0005	4	8	1	0.71	3.95	4018.27	
MLP	8	0.1	128	20	0.0005	4	8	2	0.59	3.86	4212.02	
MLP	8	0.1	128	20	0.0005	4	8	4	1.01	3.88	4179.41	
MLP	8	0.1	128	20	0.0005	4	24	1	0.35	4.36	3460.42	
MLP	8	0.1	128	20	0.0005	4	24	2	0.44	4.78	2874.0	
MLP	8	0.1	128	20	0.0005	4	24	4	0.56	4.45	3188.21	
MLP	8	0.1	128	20	0.0005	4	48	1	0.34	4.75	2936.16	
MLP	8	0.1	128	20	0.0005	4	48	2	0.32	4.71	3222.27	
MLP	8	0.1	128	20	0.0005	4	48	4	0.34	4.66	3277.74	
MLP	8	0.1	128	20	0.0005	8	8	1	0.5	4.38	3333.31	
MLP	8	0.1	128	20	0.0005	8	8	2	0.75	3.99	3929.5	
MLP	8	0.1	128	20	0.0005	8	8	4	0.71	4.1	3735.31	
MLP	8	0.1	128	20	0.0005	8	24	1	0.46	4.7	3234.4	
MLP	8	0.1	128	20	0.0005	8	24	2	0.49	4.43	3225.92	
MLP	8	0.1	128	20	0.0005	8	24	4	0.42	3.98	3963.34	
MLP	8	0.1	128	20	0.0005	8	48	1	0.34	4.82	2876.25	
MLP	8	0.1	128	20	0.0005	8	48	2	0.33	4.01	3923.82	
MLP	8	0.1	128	20	0.0005	8	48	4	0.35	4.42	3653.73	
MLP	8	0.1	128	20	0.0005	16	8	1	0.53	4.24	3490.12	
MLP	8	0.1	128	20	0.0005	16	8	2	0.65	4.09	3754.94	
MLP	8	0.1	128	20	0.0005	16	8	4	0.79	4.13	3677.1	
MLP	8	0.1	128	20	0.0005	16	24	1	0.35	4.52	3100.11	
MLP	8	0.1	128	20	0.0005	16	24	2	0.34	4.24	3488.0	
MLP	8	0.1	128	20	0.0005	16	24	4	0.4	4.72	3130.08	
MLP	8	0.1	128	20	0.0005	16	48	1	0.32	4.58	3224.71	
MLP	8	0.1	128	20	0.0005	16	48	2	0.35	4.28	3365.82	
MLP	8	0.1	128	20	0.0005	16	48	4	0.34	4.32	3519.33	
MLP	8	0.5	128	1	0.0005	4	8	1	1.45	6.72	1394.09	
MLP	8	0.5	128	1	0.0005	4	8	2	1.58	6.54	1501.5	
MLP	8	0.5	128	1	0.0005	4	8	4	1.55	6.11	1692.6	
MLP	8	0.5	128	1	0.0005	4	24	1	1.04	6.91	1312.69	
MLP	8	0.5	128	1	0.0005	4	24	2	1.19	6.62	1466.04	
MLP	8	0.5	128	1	0.0005	4	24	4	1.18	6.69	1411.92	
MLP	8	0.5	128	1	0.0005	4	48	1	0.95	6.67	1408.54	
MLP	8	0.5	128	1	0.0005	4	48	2	0.98	6.92	1319.53	
MLP	8	0.5	128	1	0.0005	4	48	4	1.02	6.72	1388.0	
MLP	8	0.5	128	1	0.0005	8	8	1	1.3	6.69	1414.19	
MLP	8	0.5	128	1	0.0005	8	8	2	1.34	6.88	1339.99	
MLP	8	0.5	128	1	0.0005	8	8	4	1.4	5.83	1868.99	
MLP	8	0.5	128	1	0.0005	8	24	1	1.04	7.14	1238.2	
MLP	8	0.5	128	1	0.0005	8	24	2	1.06	6.78	1359.76	
MLP	8	0.5	128	1	0.0005	8	24	4	1.12	6.97	1293.38	
MLP	8	0.5	128	1	0.0005	8	48	1	0.96	7.16	1242.15	
MLP	8	0.5	128	1	0.0005	8	48	2	0.96	6.76	1371.48	
MLP	8	0.5	128	1	0.0005	8	48	4	0.96	6.58	1470.31	
MLP	8	0.5	128	1	0.0005	16	8	1	1.28	6.96	1309.63	
MLP	8	0.5	128	1	0.0005	16	8	2	1.47	5.67	1970.4	
MLP	8	0.5	128	1	0.0005	16	8	4	1.41	6.19	1675.04	
MLP	8	0.5	128	1	0.0005	16	24	1	0.97	6.99	1283.71	
MLP	8	0.5	128	1	0.0005	16	24	2	1.03	7.09	1248.6	
MLP	8	0.5	128	1	0.0005	16	24	4	1.07	6.36	1553.21	
MLP	8	0.5	128	1	0.0005	16	48	1	0.94	6.99	1291.31	
MLP	8	0.5	128	1	0.0005	16	48	2	0.97	7.11	1250.58	
MLP	8	0.5	128	1	0.0005	16	48	4	0.96	7.04	1265.44	
MLP	8	0.5	128	5	0.0005	4	8	1	1.48	7.07	1249.76	
MLP	8	0.5	128	5	0.0005	4	8	2	1.45	6.74	1387.73	
MLP	8	0.5	128	5	0.0005	4	8	4	1.6	6.74	1380.07	
MLP	8	0.5	128	5	0.0005	4	24	1	1.06	6.55	1466.87	
MLP	8	0.5	128	5	0.0005	4	24	2	1.16	6.9	1332.31	
MLP	8	0.5	128	5	0.0005	4	24	4	1.14	6.94	1306.38	
MLP	8	0.5	128	5	0.0005	4	48	1	0.97	7.26	1196.17	
MLP	8	0.5	128	5	0.0005	4	48	2	1.05	6.84	1347.99	
MLP	8	0.5	128	5	0.0005	4	48	4	1.03	6.92	1318.54	
MLP	8	0.5	128	5	0.0005	8	8	1	1.3	6.91	1316.61	
MLP	8	0.5	128	5	0.0005	8	8	2	1.34	7.06	1258.61	
MLP	8	0.5	128	5	0.0005	8	8	4	1.74	6.98	1292.95	
MLP	8	0.5	128	5	0.0005	8	24	1	1.03	6.54	1465.72	
MLP	8	0.5	128	5	0.0005	8	24	2	1.15	6.99	1292.67	
MLP	8	0.5	128	5	0.0005	8	24	4	1.11	7.12	1244.31	
MLP	8	0.5	128	5	0.0005	8	48	1	0.94	6.62	1437.67	
MLP	8	0.5	128	5	0.0005	8	48	2	0.98	7.2	1215.75	
MLP	8	0.5	128	5	0.0005	8	48	4	1.01	7.09	1244.2	
MLP	8	0.5	128	5	0.0005	16	8	1	1.34	6.87	1330.83	
MLP	8	0.5	128	5	0.0005	16	8	2	1.37	7.02	1266.82	
MLP	8	0.5	128	5	0.0005	16	8	4	1.41	6.95	1291.08	
MLP	8	0.5	128	5	0.0005	16	24	1	1.06	6.95	1315.71	
MLP	8	0.5	128	5	0.0005	16	24	2	0.99	6.68	1404.31	
MLP	8	0.5	128	5	0.0005	16	24	4	1.22	6.77	1369.87	
MLP	8	0.5	128	5	0.0005	16	48	1	0.95	7.65	1079.33	
MLP	8	0.5	128	5	0.0005	16	48	2	0.94	7.43	1145.5	
MLP	8	0.5	128	5	0.0005	16	48	4	0.97	6.94	1305.49	
MLP	8	0.5	128	10	0.0005	4	8	1	1.37	6.81	1352.4	
MLP	8	0.5	128	10	0.0005	4	8	2	1.43	6.71	1396.4	
MLP	8	0.5	128	10	0.0005	4	8	4	1.39	6.99	1279.0	
MLP	8	0.5	128	10	0.0005	4	24	1	1.07	6.7	1400.24	
MLP	8	0.5	128	10	0.0005	4	24	2	1.16	7.15	1234.9	
MLP	8	0.5	128	10	0.0005	4	24	4	1.14	6.87	1326.88	
MLP	8	0.5	128	10	0.0005	4	48	1	0.93	6.67	1431.39	
MLP	8	0.5	128	10	0.0005	4	48	2	1.01	7.2	1218.12	
MLP	8	0.5	128	10	0.0005	4	48	4	0.99	6.58	1444.07	
MLP	8	0.5	128	10	0.0005	8	8	1	1.29	6.84	1333.94	
MLP	8	0.5	128	10	0.0005	8	8	2	1.58	6.77	1369.58	
MLP	8	0.5	128	10	0.0005	8	8	4	1.76	6.98	1291.25	
MLP	8	0.5	128	10	0.0005	8	24	1	1.02	7.27	1188.37	
MLP	8	0.5	128	10	0.0005	8	24	2	1.11	6.67	1412.76	
MLP	8	0.5	128	10	0.0005	8	24	4	1.13	6.72	1397.66	
MLP	8	0.5	128	10	0.0005	8	48	1	0.93	7.15	1221.96	
MLP	8	0.5	128	10	0.0005	8	48	2	0.96	7.08	1255.22	
MLP	8	0.5	128	10	0.0005	8	48	4	1.01	6.97	1292.16	
MLP	8	0.5	128	10	0.0005	16	8	1	1.35	6.89	1318.28	
MLP	8	0.5	128	10	0.0005	16	8	2	1.4	7.12	1232.18	
MLP	8	0.5	128	10	0.0005	16	8	4	1.51	6.87	1326.29	
MLP	8	0.5	128	10	0.0005	16	24	1	1.09	7.36	1165.59	
MLP	8	0.5	128	10	0.0005	16	24	2	1.01	7.02	1277.3	
MLP	8	0.5	128	10	0.0005	16	24	4	1.04	6.52	1478.1	
MLP	8	0.5	128	10	0.0005	16	48	1	0.93	6.81	1345.36	
MLP	8	0.5	128	10	0.0005	16	48	2	0.95	6.78	1370.1	
MLP	8	0.5	128	10	0.0005	16	48	4	0.97	6.51	1496.77	
MLP	8	0.5	128	20	0.0005	4	8	1	1.21	6.9	1311.65	
MLP	8	0.5	128	20	0.0005	4	8	2	1.7	7.05	1259.67	
MLP	8	0.5	128	20	0.0005	4	8	4	1.66	6.95	1293.0	
MLP	8	0.5	128	20	0.0005	4	24	1	1.01	6.85	1327.07	
MLP	8	0.5	128	20	0.0005	4	24	2	1.17	6.71	1397.73	
MLP	8	0.5	128	20	0.0005	4	24	4	1.17	7.31	1171.94	
MLP	8	0.5	128	20	0.0005	4	48	1	0.96	7.43	1140.57	
MLP	8	0.5	128	20	0.0005	4	48	2	1.0	6.83	1340.56	
MLP	8	0.5	128	20	0.0005	4	48	4	0.97	6.79	1369.18	
MLP	8	0.5	128	20	0.0005	8	8	1	1.31	7.04	1262.71	
MLP	8	0.5	128	20	0.0005	8	8	2	1.39	6.98	1281.54	
MLP	8	0.5	128	20	0.0005	8	8	4	1.51	6.89	1317.22	
MLP	8	0.5	128	20	0.0005	8	24	1	1.03	6.78	1369.71	
MLP	8	0.5	128	20	0.0005	8	24	2	1.08	6.77	1374.3	
MLP	8	0.5	128	20	0.0005	8	24	4	1.08	6.92	1309.07	
MLP	8	0.5	128	20	0.0005	8	48	1	0.97	6.84	1340.45	
MLP	8	0.5	128	20	0.0005	8	48	2	0.96	7.13	1240.32	
MLP	8	0.5	128	20	0.0005	8	48	4	1.0	6.55	1465.32	
MLP	8	0.5	128	20	0.0005	16	8	1	1.27	7.18	1208.75	
MLP	8	0.5	128	20	0.0005	16	8	2	1.54	6.89	1317.09	
MLP	8	0.5	128	20	0.0005	16	8	4	1.72	6.53	1476.54	
MLP	8	0.5	128	20	0.0005	16	24	1	1.03	6.45	1506.53	
MLP	8	0.5	128	20	0.0005	16	24	2	1.05	6.86	1323.82	
MLP	8	0.5	128	20	0.0005	16	24	4	1.06	6.85	1341.53	
MLP	8	0.5	128	20	0.0005	16	48	1	0.96	6.73	1384.96	
MLP	8	0.5	128	20	0.0005	16	48	2	0.97	6.78	1364.21	
MLP	8	0.5	128	20	0.0005	16	48	4	0.99	6.5	1483.59	
MLP	8	0.05	128	1	0.001	4	8	1	0.25	4.04	3988.24	
MLP	8	0.05	128	1	0.001	4	8	2	0.47	3.72	4598.26	
MLP	8	0.05	128	1	0.001	4	8	4	0.5	3.82	4592.25	
MLP	8	0.05	128	1	0.001	4	24	1	0.22	3.82	4376.29	
MLP	8	0.05	128	1	0.001	4	24	2	0.24	3.82	4384.54	
MLP	8	0.05	128	1	0.001	4	24	4	0.29	4.07	3828.89	
MLP	8	0.05	128	1	0.001	4	48	1	0.24	3.18	6259.45	
MLP	8	0.05	128	1	0.001	4	48	2	0.22	3.77	4486.46	
MLP	8	0.05	128	1	0.001	4	48	4	0.21	3.57	5046.3	
MLP	8	0.05	128	1	0.001	8	8	1	0.3	3.65	4912.88	
MLP	8	0.05	128	1	0.001	8	8	2	0.29	3.95	4100.15	
MLP	8	0.05	128	1	0.001	8	8	4	0.44	4.14	3776.9	
MLP	8	0.05	128	1	0.001	8	24	1	0.23	3.42	5490.95	
MLP	8	0.05	128	1	0.001	8	24	2	0.24	3.99	4032.69	
MLP	8	0.05	128	1	0.001	8	24	4	0.25	3.74	4576.6	
MLP	8	0.05	128	1	0.001	8	48	1	0.22	4.06	3841.38	
MLP	8	0.05	128	1	0.001	8	48	2	0.21	3.78	4553.28	
MLP	8	0.05	128	1	0.001	8	48	4	0.2	3.81	4376.75	
MLP	8	0.05	128	1	0.001	16	8	1	0.31	4.21	3584.86	
MLP	8	0.05	128	1	0.001	16	8	2	0.33	3.73	4538.71	
MLP	8	0.05	128	1	0.001	16	8	4	0.32	3.34	5806.8	
MLP	8	0.05	128	1	0.001	16	24	1	0.21	4.16	3669.37	
MLP	8	0.05	128	1	0.001	16	24	2	0.23	3.61	4869.03	
MLP	8	0.05	128	1	0.001	16	24	4	0.25	3.56	5013.36	
MLP	8	0.05	128	1	0.001	16	48	1	0.18	3.35	5658.72	
MLP	8	0.05	128	1	0.001	16	48	2	0.18	3.37	5620.84	
MLP	8	0.05	128	1	0.001	16	48	4	0.19	3.91	4123.32	
MLP	8	0.05	128	5	0.001	4	8	1	0.3	3.89	4155.62	
MLP	8	0.05	128	5	0.001	4	8	2	0.46	3.74	4610.82	
MLP	8	0.05	128	5	0.001	4	8	4	0.51	3.66	4782.27	
MLP	8	0.05	128	5	0.001	4	24	1	0.2	3.8	4418.51	
MLP	8	0.05	128	5	0.001	4	24	2	0.26	3.66	4774.09	
MLP	8	0.05	128	5	0.001	4	24	4	0.23	3.82	4443.22	
MLP	8	0.05	128	5	0.001	4	48	1	0.21	4.07	4086.05	
MLP	8	0.05	128	5	0.001	4	48	2	0.22	4.01	4327.74	
MLP	8	0.05	128	5	0.001	4	48	4	0.2	4.6	3195.63	
MLP	8	0.05	128	5	0.001	8	8	1	0.38	4.09	3956.87	
MLP	8	0.05	128	5	0.001	8	8	2	0.34	3.69	4681.53	
MLP	8	0.05	128	5	0.001	8	8	4	0.49	3.76	4456.37	
MLP	8	0.05	128	5	0.001	8	24	1	0.25	3.68	4700.01	
MLP	8	0.05	128	5	0.001	8	24	2	0.21	3.13	6503.06	
MLP	8	0.05	128	5	0.001	8	24	4	0.3	3.81	4353.43	
MLP	8	0.05	128	5	0.001	8	48	1	0.21	4.63	3135.57	
MLP	8	0.05	128	5	0.001	8	48	2	0.22	4.15	3818.68	
MLP	8	0.05	128	5	0.001	8	48	4	0.23	3.86	4317.96	
MLP	8	0.05	128	5	0.001	16	8	1	0.32	3.85	4235.63	
MLP	8	0.05	128	5	0.001	16	8	2	0.6	3.63	4904.86	
MLP	8	0.05	128	5	0.001	16	8	4	0.54	3.77	4413.99	
MLP	8	0.05	128	5	0.001	16	24	1	0.21	3.72	4607.39	
MLP	8	0.05	128	5	0.001	16	24	2	0.22	4.02	4005.04	
MLP	8	0.05	128	5	0.001	16	24	4	0.25	3.78	4422.09	
MLP	8	0.05	128	5	0.001	16	48	1	0.2	4.54	3278.04	
MLP	8	0.05	128	5	0.001	16	48	2	0.19	3.91	4195.96	
MLP	8	0.05	128	5	0.001	16	48	4	0.2	4.02	4441.5	
MLP	8	0.05	128	10	0.001	4	8	1	0.35	3.85	4278.66	
MLP	8	0.05	128	10	0.001	4	8	2	0.37	3.81	4392.28	
MLP	8	0.05	128	10	0.001	4	8	4	0.53	3.96	4081.14	
MLP	8	0.05	128	10	0.001	4	24	1	0.27	4.43	3307.62	
MLP	8	0.05	128	10	0.001	4	24	2	0.25	4.27	3606.15	
MLP	8	0.05	128	10	0.001	4	24	4	0.23	4.14	3839.98	
MLP	8	0.05	128	10	0.001	4	48	1	0.23	4.28	3599.94	
MLP	8	0.05	128	10	0.001	4	48	2	0.21	4.44	3580.56	
MLP	8	0.05	128	10	0.001	4	48	4	0.21	4.48	3309.46	
MLP	8	0.05	128	10	0.001	8	8	1	0.38	3.68	4690.0	
MLP	8	0.05	128	10	0.001	8	8	2	0.39	3.86	4204.03	
MLP	8	0.05	128	10	0.001	8	8	4	0.44	4.07	4151.29	
MLP	8	0.05	128	10	0.001	8	24	1	0.22	3.77	4432.97	
MLP	8	0.05	128	10	0.001	8	24	2	0.22	3.84	4408.36	
MLP	8	0.05	128	10	0.001	8	24	4	0.28	4.22	3717.0	
MLP	8	0.05	128	10	0.001	8	48	1	0.21	4.14	3847.67	
MLP	8	0.05	128	10	0.001	8	48	2	0.17	4.38	4015.51	
MLP	8	0.05	128	10	0.001	8	48	4	0.22	3.76	4454.08	
MLP	8	0.05	128	10	0.001	16	8	1	0.36	3.91	4083.9	
MLP	8	0.05	128	10	0.001	16	8	2	0.56	3.71	4639.87	
MLP	8	0.05	128	10	0.001	16	8	4	0.46	4.21	3705.23	
MLP	8	0.05	128	10	0.001	16	24	1	0.22	4.15	3974.89	
MLP	8	0.05	128	10	0.001	16	24	2	0.2	4.16	3626.68	
MLP	8	0.05	128	10	0.001	16	24	4	0.24	4.39	3355.03	
MLP	8	0.05	128	10	0.001	16	48	1	0.18	3.93	4368.38	
MLP	8	0.05	128	10	0.001	16	48	2	0.21	3.94	4365.76	
MLP	8	0.05	128	10	0.001	16	48	4	0.19	3.88	4362.47	
MLP	8	0.05	128	20	0.001	4	8	1	0.44	3.7	4569.08	
MLP	8	0.05	128	20	0.001	4	8	2	0.55	3.51	5103.09	
MLP	8	0.05	128	20	0.001	4	8	4	0.45	3.81	4331.17	
MLP	8	0.05	128	20	0.001	4	24	1	0.23	4.25	3788.91	
MLP	8	0.05	128	20	0.001	4	24	2	0.25	4.26	3589.64	
MLP	8	0.05	128	20	0.001	4	24	4	0.28	4.3	3592.26	
MLP	8	0.05	128	20	0.001	4	48	1	0.22	4.01	4031.87	
MLP	8	0.05	128	20	0.001	4	48	2	0.21	3.98	4148.56	
MLP	8	0.05	128	20	0.001	4	48	4	0.21	3.96	4861.97	
MLP	8	0.05	128	20	0.001	8	8	1	0.28	3.73	4521.5	
MLP	8	0.05	128	20	0.001	8	8	2	0.29	3.62	4770.78	
MLP	8	0.05	128	20	0.001	8	8	4	0.49	3.93	4063.8	
MLP	8	0.05	128	20	0.001	8	24	1	0.22	3.83	4275.15	
MLP	8	0.05	128	20	0.001	8	24	2	0.23	3.87	4178.14	
MLP	8	0.05	128	20	0.001	8	24	4	0.25	3.96	4070.43	
MLP	8	0.05	128	20	0.001	8	48	1	0.21	4.09	4027.15	
MLP	8	0.05	128	20	0.001	8	48	2	0.22	4.21	3667.7	
MLP	8	0.05	128	20	0.001	8	48	4	0.18	4.53	3435.96	
MLP	8	0.05	128	20	0.001	16	8	1	0.32	3.77	4628.43	
MLP	8	0.05	128	20	0.001	16	8	2	0.43	3.84	4251.63	
MLP	8	0.05	128	20	0.001	16	8	4	0.34	3.86	4168.22	
MLP	8	0.05	128	20	0.001	16	24	1	0.21	3.97	3968.75	
MLP	8	0.05	128	20	0.001	16	24	2	0.26	3.96	3991.07	
MLP	8	0.05	128	20	0.001	16	24	4	0.34	4.23	3768.93	
MLP	8	0.05	128	20	0.001	16	48	1	0.19	4.61	3343.06	
MLP	8	0.05	128	20	0.001	16	48	2	0.17	3.97	4271.05	
MLP	8	0.05	128	20	0.001	16	48	4	0.18	4.49	3382.56	
MLP	8	0.1	128	1	0.001	4	8	1	0.39	4.28	3496.57	
MLP	8	0.1	128	1	0.001	4	8	2	0.49	4.17	3610.22	
MLP	8	0.1	128	1	0.001	4	8	4	0.55	4.61	2963.29	
MLP	8	0.1	128	1	0.001	4	24	1	0.33	4.47	3275.56	
MLP	8	0.1	128	1	0.001	4	24	2	0.34	3.63	4896.68	
MLP	8	0.1	128	1	0.001	4	24	4	0.35	4.12	3722.4	
MLP	8	0.1	128	1	0.001	4	48	1	0.31	4.67	3082.4	
MLP	8	0.1	128	1	0.001	4	48	2	0.31	3.96	4059.43	
MLP	8	0.1	128	1	0.001	4	48	4	0.33	3.99	3995.79	
MLP	8	0.1	128	1	0.001	8	8	1	0.46	4.49	3150.64	
MLP	8	0.1	128	1	0.001	8	8	2	0.46	4.63	3088.14	
MLP	8	0.1	128	1	0.001	8	8	4	0.53	4.71	2868.78	
MLP	8	0.1	128	1	0.001	8	24	1	0.3	3.81	4468.1	
MLP	8	0.1	128	1	0.001	8	24	2	0.36	3.95	4061.77	
MLP	8	0.1	128	1	0.001	8	24	4	0.42	4.12	3740.02	
MLP	8	0.1	128	1	0.001	8	48	1	0.3	4.26	3562.76	
MLP	8	0.1	128	1	0.001	8	48	2	0.29	4.58	3061.06	
MLP	8	0.1	128	1	0.001	8	48	4	0.31	4.06	3924.66	
MLP	8	0.1	128	1	0.001	16	8	1	0.37	4.52	3120.61	
MLP	8	0.1	128	1	0.001	16	8	2	0.43	4.55	3068.71	
MLP	8	0.1	128	1	0.001	16	8	4	0.61	4.83	2733.98	
MLP	8	0.1	128	1	0.001	16	24	1	0.31	4.18	3701.23	
MLP	8	0.1	128	1	0.001	16	24	2	0.39	4.1	3756.09	
MLP	8	0.1	128	1	0.001	16	24	4	0.35	4.2	3620.94	
MLP	8	0.1	128	1	0.001	16	48	1	0.31	3.84	4258.14	
MLP	8	0.1	128	1	0.001	16	48	2	0.29	3.96	4027.21	
MLP	8	0.1	128	1	0.001	16	48	4	0.32	4.37	3439.17	
MLP	8	0.1	128	5	0.001	4	8	1	0.4	4.05	3871.18	
MLP	8	0.1	128	5	0.001	4	8	2	0.41	3.9	4148.7	
MLP	8	0.1	128	5	0.001	4	8	4	0.44	4.06	3828.53	
MLP	8	0.1	128	5	0.001	4	24	1	0.34	4.47	3536.96	
MLP	8	0.1	128	5	0.001	4	24	2	0.35	4.26	3642.27	
MLP	8	0.1	128	5	0.001	4	24	4	0.34	3.66	4716.64	
MLP	8	0.1	128	5	0.001	4	48	1	0.33	3.88	4189.62	
MLP	8	0.1	128	5	0.001	4	48	2	0.31	3.82	4314.67	
MLP	8	0.1	128	5	0.001	4	48	4	0.3	4.64	2907.41	
MLP	8	0.1	128	5	0.001	8	8	1	0.45	4.24	3492.45	
MLP	8	0.1	128	5	0.001	8	8	2	0.37	3.99	3997.97	
MLP	8	0.1	128	5	0.001	8	8	4	0.46	3.88	4186.38	
MLP	8	0.1	128	5	0.001	8	24	1	0.32	3.88	4191.31	
MLP	8	0.1	128	5	0.001	8	24	2	0.36	4.38	3347.52	
MLP	8	0.1	128	5	0.001	8	24	4	0.39	4.42	3411.23	
MLP	8	0.1	128	5	0.001	8	48	1	0.31	4.48	3297.87	
MLP	8	0.1	128	5	0.001	8	48	2	0.3	4.53	3550.64	
MLP	8	0.1	128	5	0.001	8	48	4	0.32	4.87	3178.39	
MLP	8	0.1	128	5	0.001	16	8	1	0.39	3.81	4375.29	
MLP	8	0.1	128	5	0.001	16	8	2	0.51	3.81	4336.89	
MLP	8	0.1	128	5	0.001	16	8	4	0.65	3.87	4233.63	
MLP	8	0.1	128	5	0.001	16	24	1	0.32	5.0	2588.84	
MLP	8	0.1	128	5	0.001	16	24	2	0.32	4.71	2898.2	
MLP	8	0.1	128	5	0.001	16	24	4	0.43	4.49	3195.03	
MLP	8	0.1	128	5	0.001	16	48	1	0.3	4.44	3157.62	
MLP	8	0.1	128	5	0.001	16	48	2	0.29	4.26	3473.52	
MLP	8	0.1	128	5	0.001	16	48	4	0.29	4.36	3369.5	
MLP	8	0.1	128	10	0.001	4	8	1	0.41	4.64	3085.31	
MLP	8	0.1	128	10	0.001	4	8	2	0.47	3.96	4020.72	
MLP	8	0.1	128	10	0.001	4	8	4	0.51	4.6	3005.09	
MLP	8	0.1	128	10	0.001	4	24	1	0.31	4.52	3456.04	
MLP	8	0.1	128	10	0.001	4	24	2	0.33	4.06	3812.61	
MLP	8	0.1	128	10	0.001	4	24	4	0.4	4.85	3116.17	
MLP	8	0.1	128	10	0.001	4	48	1	0.29	4.47	3184.51	
MLP	8	0.1	128	10	0.001	4	48	2	0.3	4.87	3077.49	
MLP	8	0.1	128	10	0.001	4	48	4	0.33	4.67	3112.8	
MLP	8	0.1	128	10	0.001	8	8	1	0.52	3.84	4271.57	
MLP	8	0.1	128	10	0.001	8	8	2	0.4	4.56	3271.19	
MLP	8	0.1	128	10	0.001	8	8	4	0.47	4.33	3352.9	
MLP	8	0.1	128	10	0.001	8	24	1	0.32	4.74	2945.46	
MLP	8	0.1	128	10	0.001	8	24	2	0.33	5.29	2362.53	
MLP	8	0.1	128	10	0.001	8	24	4	0.5	4.59	3285.49	
MLP	8	0.1	128	10	0.001	8	48	1	0.31	4.37	3524.73	
MLP	8	0.1	128	10	0.001	8	48	2	0.3	4.15	3697.71	
MLP	8	0.1	128	10	0.001	8	48	4	0.33	3.95	4329.15	
MLP	8	0.1	128	10	0.001	16	8	1	0.39	4.34	3418.71	
MLP	8	0.1	128	10	0.001	16	8	2	0.48	3.89	4148.01	
MLP	8	0.1	128	10	0.001	16	8	4	0.45	4.79	2950.5	
MLP	8	0.1	128	10	0.001	16	24	1	0.38	4.58	3112.25	
MLP	8	0.1	128	10	0.001	16	24	2	0.35	4.65	3050.06	
MLP	8	0.1	128	10	0.001	16	24	4	0.35	4.77	2859.61	
MLP	8	0.1	128	10	0.001	16	48	1	0.29	4.89	2883.07	
MLP	8	0.1	128	10	0.001	16	48	2	0.28	4.92	2897.06	
MLP	8	0.1	128	10	0.001	16	48	4	0.28	4.25	3748.91	
MLP	8	0.1	128	20	0.001	4	8	1	0.39	4.12	3694.54	
MLP	8	0.1	128	20	0.001	4	8	2	0.46	4.07	3785.53	
MLP	8	0.1	128	20	0.001	4	8	4	0.71	4.28	3678.57	
MLP	8	0.1	128	20	0.001	4	24	1	0.34	4.55	3401.06	
MLP	8	0.1	128	20	0.001	4	24	2	0.34	3.68	4616.98	
MLP	8	0.1	128	20	0.001	4	24	4	0.38	4.95	2757.23	
MLP	8	0.1	128	20	0.001	4	48	1	0.31	4.86	2779.27	
MLP	8	0.1	128	20	0.001	4	48	2	0.31	4.63	3100.95	
MLP	8	0.1	128	20	0.001	4	48	4	0.32	4.3	3477.35	
MLP	8	0.1	128	20	0.001	8	8	1	0.39	4.16	3626.72	
MLP	8	0.1	128	20	0.001	8	8	2	0.39	3.95	4019.56	
MLP	8	0.1	128	20	0.001	8	8	4	0.58	3.92	4081.31	
MLP	8	0.1	128	20	0.001	8	24	1	0.33	3.75	4429.45	
MLP	8	0.1	128	20	0.001	8	24	2	0.36	4.74	2953.9	
MLP	8	0.1	128	20	0.001	8	24	4	0.34	4.34	3381.76	
MLP	8	0.1	128	20	0.001	8	48	1	0.3	4.9	2969.28	
MLP	8	0.1	128	20	0.001	8	48	2	0.3	4.93	2822.95	
MLP	8	0.1	128	20	0.001	8	48	4	0.29	4.18	3600.65	
MLP	8	0.1	128	20	0.001	16	8	1	0.53	3.91	4097.52	
MLP	8	0.1	128	20	0.001	16	8	2	0.54	3.82	4293.48	
MLP	8	0.1	128	20	0.001	16	8	4	0.59	3.96	3986.87	
MLP	8	0.1	128	20	0.001	16	24	1	0.32	4.08	3756.65	
MLP	8	0.1	128	20	0.001	16	24	2	0.34	4.04	3833.93	
MLP	8	0.1	128	20	0.001	16	24	4	0.36	3.94	4030.23	
MLP	8	0.1	128	20	0.001	16	48	1	0.3	4.89	2678.73	
MLP	8	0.1	128	20	0.001	16	48	2	0.3	4.45	3640.87	
MLP	8	0.1	128	20	0.001	16	48	4	0.29	5.06	2743.48	
MLP	8	0.5	128	1	0.001	4	8	1	1.08	6.97	1295.86	
MLP	8	0.5	128	1	0.001	4	8	2	1.23	6.74	1389.29	
MLP	8	0.5	128	1	0.001	4	8	4	1.27	6.96	1321.1	
MLP	8	0.5	128	1	0.001	4	24	1	0.98	7.44	1152.19	
MLP	8	0.5	128	1	0.001	4	24	2	1.05	6.4	1533.13	
MLP	8	0.5	128	1	0.001	4	24	4	1.04	6.74	1379.11	
MLP	8	0.5	128	1	0.001	4	48	1	0.94	6.76	1372.65	
MLP	8	0.5	128	1	0.001	4	48	2	0.95	7.0	1279.28	
MLP	8	0.5	128	1	0.001	4	48	4	0.97	6.98	1301.81	
MLP	8	0.5	128	1	0.001	8	8	1	1.02	6.92	1315.87	
MLP	8	0.5	128	1	0.001	8	8	2	1.09	6.88	1340.24	
MLP	8	0.5	128	1	0.001	8	8	4	1.17	7.14	1257.61	
MLP	8	0.5	128	1	0.001	8	24	1	0.93	6.35	1563.24	
MLP	8	0.5	128	1	0.001	8	24	2	0.96	6.99	1284.74	
MLP	8	0.5	128	1	0.001	8	24	4	1.01	6.67	1420.92	
MLP	8	0.5	128	1	0.001	8	48	1	0.94	6.67	1407.36	
MLP	8	0.5	128	1	0.001	8	48	2	0.93	6.65	1418.68	
MLP	8	0.5	128	1	0.001	8	48	4	0.95	6.9	1333.24	
MLP	8	0.5	128	1	0.001	16	8	1	1.16	6.73	1391.22	
MLP	8	0.5	128	1	0.001	16	8	2	1.27	6.64	1438.35	
MLP	8	0.5	128	1	0.001	16	8	4	1.37	6.92	1314.51	
MLP	8	0.5	128	1	0.001	16	24	1	0.96	6.98	1287.38	
MLP	8	0.5	128	1	0.001	16	24	2	0.96	7.13	1232.81	
MLP	8	0.5	128	1	0.001	16	24	4	0.99	6.81	1348.21	
MLP	8	0.5	128	1	0.001	16	48	1	0.93	6.59	1466.94	
MLP	8	0.5	128	1	0.001	16	48	2	0.92	7.3	1194.62	
MLP	8	0.5	128	1	0.001	16	48	4	0.97	7.23	1203.86	
MLP	8	0.5	128	5	0.001	4	8	1	1.1	6.91	1311.37	
MLP	8	0.5	128	5	0.001	4	8	2	1.31	7.11	1240.89	
MLP	8	0.5	128	5	0.001	4	8	4	1.43	6.73	1388.48	
MLP	8	0.5	128	5	0.001	4	24	1	1.04	6.97	1313.81	
MLP	8	0.5	128	5	0.001	4	24	2	1.0	6.82	1349.62	
MLP	8	0.5	128	5	0.001	4	24	4	1.1	6.88	1328.09	
MLP	8	0.5	128	5	0.001	4	48	1	0.93	6.85	1347.22	
MLP	8	0.5	128	5	0.001	4	48	2	0.94	7.0	1277.76	
MLP	8	0.5	128	5	0.001	4	48	4	0.96	6.12	1688.24	
MLP	8	0.5	128	5	0.001	8	8	1	1.06	7.01	1271.79	
MLP	8	0.5	128	5	0.001	8	8	2	1.24	7.17	1220.26	
MLP	8	0.5	128	5	0.001	8	8	4	1.41	6.91	1322.37	
MLP	8	0.5	128	5	0.001	8	24	1	0.97	6.43	1529.81	
MLP	8	0.5	128	5	0.001	8	24	2	0.99	6.91	1311.17	
MLP	8	0.5	128	5	0.001	8	24	4	0.99	6.87	1337.24	
MLP	8	0.5	128	5	0.001	8	48	1	0.97	6.96	1302.89	
MLP	8	0.5	128	5	0.001	8	48	2	0.94	6.44	1527.24	
MLP	8	0.5	128	5	0.001	8	48	4	0.94	6.53	1487.45	
MLP	8	0.5	128	5	0.001	16	8	1	1.04	6.95	1298.99	
MLP	8	0.5	128	5	0.001	16	8	2	1.09	6.96	1290.36	
MLP	8	0.5	128	5	0.001	16	8	4	1.34	6.49	1493.26	
MLP	8	0.5	128	5	0.001	16	24	1	0.97	6.58	1442.4	
MLP	8	0.5	128	5	0.001	16	24	2	1.03	6.86	1331.16	
MLP	8	0.5	128	5	0.001	16	24	4	0.99	6.68	1413.11	
MLP	8	0.5	128	5	0.001	16	48	1	0.92	6.75	1382.92	
MLP	8	0.5	128	5	0.001	16	48	2	0.91	7.0	1303.75	
MLP	8	0.5	128	5	0.001	16	48	4	0.93	7.47	1119.61	
MLP	8	0.5	128	10	0.001	4	8	1	1.15	6.76	1383.05	
MLP	8	0.5	128	10	0.001	4	8	2	1.18	6.77	1368.27	
MLP	8	0.5	128	10	0.001	4	8	4	1.29	7.01	1271.39	
MLP	8	0.5	128	10	0.001	4	24	1	0.98	6.57	1463.23	
MLP	8	0.5	128	10	0.001	4	24	2	1.02	6.84	1337.43	
MLP	8	0.5	128	10	0.001	4	24	4	1.06	6.79	1359.78	
MLP	8	0.5	128	10	0.001	4	48	1	0.95	6.44	1529.87	
MLP	8	0.5	128	10	0.001	4	48	2	0.96	6.84	1348.6	
MLP	8	0.5	128	10	0.001	4	48	4	0.95	6.81	1352.19	
MLP	8	0.5	128	10	0.001	8	8	1	1.22	6.9	1316.22	
MLP	8	0.5	128	10	0.001	8	8	2	1.32	6.86	1336.35	
MLP	8	0.5	128	10	0.001	8	8	4	1.18	6.74	1378.31	
MLP	8	0.5	128	10	0.001	8	24	1	0.97	6.33	1588.58	
MLP	8	0.5	128	10	0.001	8	24	2	0.99	6.8	1359.85	
MLP	8	0.5	128	10	0.001	8	24	4	1.01	6.62	1427.07	
MLP	8	0.5	128	10	0.001	8	48	1	0.94	7.25	1196.16	
MLP	8	0.5	128	10	0.001	8	48	2	0.93	7.1	1242.97	
MLP	8	0.5	128	10	0.001	8	48	4	0.95	7.22	1203.62	
MLP	8	0.5	128	10	0.001	16	8	1	1.09	6.92	1302.02	
MLP	8	0.5	128	10	0.001	16	8	2	1.06	6.92	1301.46	
MLP	8	0.5	128	10	0.001	16	8	4	1.38	6.96	1293.15	
MLP	8	0.5	128	10	0.001	16	24	1	0.99	6.87	1325.94	
MLP	8	0.5	128	10	0.001	16	24	2	0.96	7.06	1258.34	
MLP	8	0.5	128	10	0.001	16	24	4	0.99	7.15	1237.48	
MLP	8	0.5	128	10	0.001	16	48	1	0.93	6.6	1449.13	
MLP	8	0.5	128	10	0.001	16	48	2	0.92	6.47	1508.23	
MLP	8	0.5	128	10	0.001	16	48	4	0.95	6.98	1296.91	
MLP	8	0.5	128	20	0.001	4	8	1	1.15	6.91	1305.38	
MLP	8	0.5	128	20	0.001	4	8	2	1.21	6.95	1293.4	
MLP	8	0.5	128	20	0.001	4	8	4	1.38	6.85	1330.15	
MLP	8	0.5	128	20	0.001	4	24	1	0.99	6.77	1360.92	
MLP	8	0.5	128	20	0.001	4	24	2	1.04	6.96	1285.95	
MLP	8	0.5	128	20	0.001	4	24	4	1.13	6.41	1518.77	
MLP	8	0.5	128	20	0.001	4	48	1	0.96	6.78	1355.57	
MLP	8	0.5	128	20	0.001	4	48	2	0.98	6.67	1401.21	
MLP	8	0.5	128	20	0.001	4	48	4	0.92	6.87	1335.88	
MLP	8	0.5	128	20	0.001	8	8	1	1.19	7.09	1237.78	
MLP	8	0.5	128	20	0.001	8	8	2	1.22	6.79	1356.46	
MLP	8	0.5	128	20	0.001	8	8	4	1.16	6.81	1342.85	
MLP	8	0.5	128	20	0.001	8	24	1	0.93	7.26	1192.42	
MLP	8	0.5	128	20	0.001	8	24	2	0.96	6.86	1325.88	
MLP	8	0.5	128	20	0.001	8	24	4	0.97	7.37	1155.66	
MLP	8	0.5	128	20	0.001	8	48	1	0.92	6.88	1329.12	
MLP	8	0.5	128	20	0.001	8	48	2	0.95	7.11	1251.61	
MLP	8	0.5	128	20	0.001	8	48	4	0.95	6.49	1478.13	
MLP	8	0.5	128	20	0.001	16	8	1	1.2	6.62	1428.37	
MLP	8	0.5	128	20	0.001	16	8	2	1.11	6.81	1344.05	
MLP	8	0.5	128	20	0.001	16	8	4	1.32	6.66	1406.67	
MLP	8	0.5	128	20	0.001	16	24	1	0.95	6.78	1365.1	
MLP	8	0.5	128	20	0.001	16	24	2	0.97	6.97	1284.08	
MLP	8	0.5	128	20	0.001	16	24	4	0.98	7.12	1230.32	
MLP	8	0.5	128	20	0.001	16	48	1	0.93	7.04	1267.78	
MLP	8	0.5	128	20	0.001	16	48	2	0.93	6.68	1422.61	
MLP	8	0.5	128	20	0.001	16	48	4	0.91	6.8	1375.5	
MLP	8	0.05	128	1	0.005	4	8	1	0.22	3.81	4397.36	
MLP	8	0.05	128	1	0.005	4	8	2	0.22	4.15	3694.93	
MLP	8	0.05	128	1	0.005	4	8	4	0.28	4.05	3927.06	
MLP	8	0.05	128	1	0.005	4	24	1	0.29	4.25	3529.59	
MLP	8	0.05	128	1	0.005	4	24	2	0.21	3.96	4052.72	
MLP	8	0.05	128	1	0.005	4	24	4	0.21	3.88	4271.29	
MLP	8	0.05	128	1	0.005	4	48	1	0.38	3.85	4245.65	
MLP	8	0.05	128	1	0.005	4	48	2	0.25	3.63	4798.55	
MLP	8	0.05	128	1	0.005	4	48	4	0.18	4.22	3563.71	
MLP	8	0.05	128	1	0.005	8	8	1	0.22	4.26	3540.32	
MLP	8	0.05	128	1	0.005	8	8	2	0.24	4.36	3349.69	
MLP	8	0.05	128	1	0.005	8	8	4	0.2	4.24	3516.7	
MLP	8	0.05	128	1	0.005	8	24	1	0.21	4.26	3475.38	
MLP	8	0.05	128	1	0.005	8	24	2	0.2	4.29	3427.15	
MLP	8	0.05	128	1	0.005	8	24	4	0.2	3.97	4026.54	
MLP	8	0.05	128	1	0.005	8	48	1	0.29	3.77	4405.05	
MLP	8	0.05	128	1	0.005	8	48	2	0.28	3.02	6984.79	
MLP	8	0.05	128	1	0.005	8	48	4	0.21	3.45	5324.2	
MLP	8	0.05	128	1	0.005	16	8	1	0.19	4.75	2773.71	
MLP	8	0.05	128	1	0.005	16	8	2	0.26	3.98	4015.76	
MLP	8	0.05	128	1	0.005	16	8	4	0.22	3.63	4778.71	
MLP	8	0.05	128	1	0.005	16	24	1	0.22	4.54	3045.03	
MLP	8	0.05	128	1	0.005	16	24	2	0.17	3.85	4244.27	
MLP	8	0.05	128	1	0.005	16	24	4	0.22	3.96	4036.11	
MLP	8	0.05	128	1	0.005	16	48	1	0.26	4.19	3578.51	
MLP	8	0.05	128	1	0.005	16	48	2	0.23	3.72	4628.61	
MLP	8	0.05	128	1	0.005	16	48	4	0.23	4.01	3900.11	
MLP	8	0.05	128	5	0.005	4	8	1	0.23	4.21	3553.17	
MLP	8	0.05	128	5	0.005	4	8	2	0.23	3.81	4318.73	
MLP	8	0.05	128	5	0.005	4	8	4	0.2	3.92	4056.48	
MLP	8	0.05	128	5	0.005	4	24	1	0.24	3.96	3998.04	
MLP	8	0.05	128	5	0.005	4	24	2	0.24	3.99	3964.17	
MLP	8	0.05	128	5	0.005	4	24	4	0.22	4.07	3820.43	
MLP	8	0.05	128	5	0.005	4	48	1	0.48	4.16	4052.46	
MLP	8	0.05	128	5	0.005	4	48	2	0.2	3.96	3979.71	
MLP	8	0.05	128	5	0.005	4	48	4	0.18	4.23	3682.49	
MLP	8	0.05	128	5	0.005	8	8	1	0.22	3.52	5068.4	
MLP	8	0.05	128	5	0.005	8	8	2	0.23	4.11	3713.71	
MLP	8	0.05	128	5	0.005	8	8	4	0.21	3.9	4109.5	
MLP	8	0.05	128	5	0.005	8	24	1	0.24	3.8	4328.11	
MLP	8	0.05	128	5	0.005	8	24	2	0.23	3.71	4696.03	
MLP	8	0.05	128	5	0.005	8	24	4	0.21	3.73	4532.8	
MLP	8	0.05	128	5	0.005	8	48	1	0.26	4.02	3864.81	
MLP	8	0.05	128	5	0.005	8	48	2	0.21	3.79	4368.15	
MLP	8	0.05	128	5	0.005	8	48	4	0.24	3.94	4037.07	
MLP	8	0.05	128	5	0.005	16	8	1	0.21	3.71	4527.69	
MLP	8	0.05	128	5	0.005	16	8	2	0.24	3.46	5209.64	
MLP	8	0.05	128	5	0.005	16	8	4	0.21	3.58	4993.62	
MLP	8	0.05	128	5	0.005	16	24	1	0.23	4.03	3837.25	
MLP	8	0.05	128	5	0.005	16	24	2	0.22	4.05	4236.9	
MLP	8	0.05	128	5	0.005	16	24	4	0.19	3.69	4605.88	
MLP	8	0.05	128	5	0.005	16	48	1	0.4	3.78	4404.32	
MLP	8	0.05	128	5	0.005	16	48	2	0.19	3.58	4862.9	
MLP	8	0.05	128	5	0.005	16	48	4	0.2	3.42	5337.23	
MLP	8	0.05	128	10	0.005	4	8	1	0.2	3.78	4366.82	
MLP	8	0.05	128	10	0.005	4	8	2	0.24	4.19	3780.95	
MLP	8	0.05	128	10	0.005	4	8	4	0.22	3.86	4205.02	
MLP	8	0.05	128	10	0.005	4	24	1	0.24	3.82	4280.55	
MLP	8	0.05	128	10	0.005	4	24	2	0.25	3.71	4527.75	
MLP	8	0.05	128	10	0.005	4	24	4	0.22	3.72	4508.97	
MLP	8	0.05	128	10	0.005	4	48	1	0.35	3.96	3979.58	
MLP	8	0.05	128	10	0.005	4	48	2	0.2	3.84	4230.03	
MLP	8	0.05	128	10	0.005	4	48	4	0.19	3.7	4550.06	
MLP	8	0.05	128	10	0.005	8	8	1	0.23	3.73	4490.33	
MLP	8	0.05	128	10	0.005	8	8	2	0.25	3.71	4520.22	
MLP	8	0.05	128	10	0.005	8	8	4	0.22	3.8	4328.21	
MLP	8	0.05	128	10	0.005	8	24	1	0.25	3.63	4733.61	
MLP	8	0.05	128	10	0.005	8	24	2	0.18	3.71	4518.34	
MLP	8	0.05	128	10	0.005	8	24	4	0.19	3.91	4081.52	
MLP	8	0.05	128	10	0.005	8	48	1	0.31	3.87	4150.85	
MLP	8	0.05	128	10	0.005	8	48	2	0.2	3.68	4596.47	
MLP	8	0.05	128	10	0.005	8	48	4	0.19	4.04	3818.32	
MLP	8	0.05	128	10	0.005	16	8	1	0.19	4.1	3715.24	
MLP	8	0.05	128	10	0.005	16	8	2	0.25	3.94	4028.06	
MLP	8	0.05	128	10	0.005	16	8	4	2.51	3.34	497439.77	
MLP	8	0.05	128	10	0.005	16	24	1	0.26	3.95	3997.81	
MLP	8	0.05	128	10	0.005	16	24	2	0.23	3.64	4694.06	
MLP	8	0.05	128	10	0.005	16	24	4	0.19	3.96	3985.96	
MLP	8	0.05	128	10	0.005	16	48	1	0.24	3.66	4655.85	
MLP	8	0.05	128	10	0.005	16	48	2	0.3	3.84	4218.25	
MLP	8	0.05	128	10	0.005	16	48	4	0.19	4.02	3862.94	
MLP	8	0.05	128	20	0.005	4	8	1	0.21	3.79	4342.52	
MLP	8	0.05	128	20	0.005	4	8	2	0.25	3.97	3949.57	
MLP	8	0.05	128	20	0.005	4	8	4	0.24	3.79	4334.96	
MLP	8	0.05	128	20	0.005	4	24	1	0.27	3.71	4523.04	
MLP	8	0.05	128	20	0.005	4	24	2	0.21	3.85	4205.89	
MLP	8	0.05	128	20	0.005	4	24	4	0.25	3.81	4287.66	
MLP	8	0.05	128	20	0.005	4	48	1	0.32	3.64	4691.69	
MLP	8	0.05	128	20	0.005	4	48	2	0.21	3.78	4352.38	
MLP	8	0.05	128	20	0.005	4	48	4	0.19	3.65	4670.9	
MLP	8	0.05	128	20	0.005	8	8	1	0.24	3.72	4509.1	
MLP	8	0.05	128	20	0.005	8	8	2	0.2	3.76	4411.54	
MLP	8	0.05	128	20	0.005	8	8	4	0.22	3.77	4379.2	
MLP	8	0.05	128	20	0.005	8	24	1	0.26	3.8	4313.84	
MLP	8	0.05	128	20	0.005	8	24	2	0.22	3.7	4548.22	
MLP	8	0.05	128	20	0.005	8	24	4	0.19	4.02	4050.0	
MLP	8	0.05	128	20	0.005	8	48	1	0.3	3.62	4746.98	
MLP	8	0.05	128	20	0.005	8	48	2	0.21	3.68	4610.13	
MLP	8	0.05	128	20	0.005	8	48	4	0.18	3.65	4664.19	
MLP	8	0.05	128	20	0.005	16	8	1	0.22	4.45	3484.13	
MLP	8	0.05	128	20	0.005	16	8	2	0.22	3.65	4663.7	
MLP	8	0.05	128	20	0.005	16	8	4	0.24	3.84	4219.66	
MLP	8	0.05	128	20	0.005	16	24	1	0.21	3.73	4481.25	
MLP	8	0.05	128	20	0.005	16	24	2	0.22	3.74	4463.11	
MLP	8	0.05	128	20	0.005	16	24	4	0.19	3.96	3976.98	
MLP	8	0.05	128	20	0.005	16	48	1	0.29	3.71	4522.89	
MLP	8	0.05	128	20	0.005	16	48	2	0.31	3.71	4512.78	
MLP	8	0.05	128	20	0.005	16	48	4	0.2	3.85	4208.56	
MLP	8	0.1	128	1	0.005	4	8	1	0.33	4.97	2582.07	
MLP	8	0.1	128	1	0.005	4	8	2	0.34	4.83	2712.54	
MLP	8	0.1	128	1	0.005	4	8	4	0.38	4.15	3686.52	
MLP	8	0.1	128	1	0.005	4	24	1	0.41	4.56	3040.89	
MLP	8	0.1	128	1	0.005	4	24	2	0.32	4.15	3714.32	
MLP	8	0.1	128	1	0.005	4	24	4	0.28	4.01	3935.15	
MLP	8	0.1	128	1	0.005	4	48	1	0.48	4.69	3124.94	
MLP	8	0.1	128	1	0.005	4	48	2	0.34	4.08	3788.25	
MLP	8	0.1	128	1	0.005	4	48	4	0.29	4.24	3493.91	
MLP	8	0.1	128	1	0.005	8	8	1	0.32	3.84	4294.54	
MLP	8	0.1	128	1	0.005	8	8	2	0.3	4.39	3293.22	
MLP	8	0.1	128	1	0.005	8	8	4	0.34	3.93	4120.82	
MLP	8	0.1	128	1	0.005	8	24	1	0.31	4.23	3519.46	
MLP	8	0.1	128	1	0.005	8	24	2	0.31	3.82	4327.35	
MLP	8	0.1	128	1	0.005	8	24	4	0.29	4.68	2938.74	
MLP	8	0.1	128	1	0.005	8	48	1	0.36	4.07	3792.41	
MLP	8	0.1	128	1	0.005	8	48	2	0.35	4.36	3310.85	
MLP	8	0.1	128	1	0.005	8	48	4	0.33	4.02	3900.33	
MLP	8	0.1	128	1	0.005	16	8	1	0.34	4.33	3409.18	
MLP	8	0.1	128	1	0.005	16	8	2	0.33	4.29	3389.19	
MLP	8	0.1	128	1	0.005	16	8	4	0.3	4.3	3376.18	
MLP	8	0.1	128	1	0.005	16	24	1	0.35	4.16	3631.5	
MLP	8	0.1	128	1	0.005	16	24	2	0.31	4.44	3183.2	
MLP	8	0.1	128	1	0.005	16	24	4	0.31	3.32	5721.99	
MLP	8	0.1	128	1	0.005	16	48	1	0.42	3.98	3963.09	
MLP	8	0.1	128	1	0.005	16	48	2	0.33	4.96	2558.85	
MLP	8	0.1	128	1	0.005	16	48	4	0.3	3.61	4811.86	
MLP	8	0.1	128	5	0.005	4	8	1	0.36	4.01	3906.3	
MLP	8	0.1	128	5	0.005	4	8	2	0.33	4.27	3457.09	
MLP	8	0.1	128	5	0.005	4	8	4	0.37	4.19	3570.87	
MLP	8	0.1	128	5	0.005	4	24	1	0.36	3.58	4886.81	
MLP	8	0.1	128	5	0.005	4	24	2	0.31	4.09	3737.82	
MLP	8	0.1	128	5	0.005	4	24	4	0.3	3.86	4211.09	
MLP	8	0.1	128	5	0.005	4	48	1	0.47	4.11	3695.89	
MLP	8	0.1	128	5	0.005	4	48	2	0.32	4.17	3588.15	
MLP	8	0.1	128	5	0.005	4	48	4	0.29	3.92	4071.76	
MLP	8	0.1	128	5	0.005	8	8	1	0.3	3.84	4238.33	
MLP	8	0.1	128	5	0.005	8	8	2	0.31	3.98	3946.23	
MLP	8	0.1	128	5	0.005	8	8	4	0.32	3.9	4108.4	
MLP	8	0.1	128	5	0.005	8	24	1	0.31	3.81	4307.29	
MLP	8	0.1	128	5	0.005	8	24	2	0.32	4.11	3710.64	
MLP	8	0.1	128	5	0.005	8	24	4	0.29	4.45	3164.72	
MLP	8	0.1	128	5	0.005	8	48	1	0.4	3.81	4309.11	
MLP	8	0.1	128	5	0.005	8	48	2	0.37	4.1	3719.95	
MLP	8	0.1	128	5	0.005	8	48	4	0.31	3.84	4242.38	
MLP	8	0.1	128	5	0.005	16	8	1	0.32	4.12	3684.87	
MLP	8	0.1	128	5	0.005	16	8	2	0.3	3.99	3925.36	
MLP	8	0.1	128	5	0.005	16	8	4	0.34	3.95	4006.1	
MLP	8	0.1	128	5	0.005	16	24	1	0.35	3.77	4408.84	
MLP	8	0.1	128	5	0.005	16	24	2	0.31	3.86	4209.08	
MLP	8	0.1	128	5	0.005	16	24	4	0.31	4.57	3304.69	
MLP	8	0.1	128	5	0.005	16	48	1	0.34	4.32	3698.83	
MLP	8	0.1	128	5	0.005	16	48	2	0.32	4.39	3522.23	
MLP	8	0.1	128	5	0.005	16	48	4	0.35	3.91	4091.32	
MLP	8	0.1	128	10	0.005	4	8	1	0.39	3.96	3975.4	
MLP	8	0.1	128	10	0.005	4	8	2	0.31	4.18	3573.11	
MLP	8	0.1	128	10	0.005	4	8	4	0.35	4.1	3710.48	
MLP	8	0.1	128	10	0.005	4	24	1	0.32	4.04	3822.31	
MLP	8	0.1	128	10	0.005	4	24	2	0.31	4.58	3195.03	
MLP	8	0.1	128	10	0.005	4	24	4	0.32	4.05	3798.03	
MLP	8	0.1	128	10	0.005	4	48	1	0.33	4.09	3722.37	
MLP	8	0.1	128	10	0.005	4	48	2	0.33	4.07	3767.86	
MLP	8	0.1	128	10	0.005	4	48	4	0.31	4.88	2843.24	
MLP	8	0.1	128	10	0.005	8	8	1	0.33	4.15	3608.53	
MLP	8	0.1	128	10	0.005	8	8	2	0.34	4.14	3643.85	
MLP	8	0.1	128	10	0.005	8	8	4	0.34	3.95	4008.61	
MLP	8	0.1	128	10	0.005	8	24	1	0.35	3.96	3974.81	
MLP	8	0.1	128	10	0.005	8	24	2	0.33	4.15	3625.69	
MLP	8	0.1	128	10	0.005	8	24	4	0.3	4.59	3231.4	
MLP	8	0.1	128	10	0.005	8	48	1	0.37	3.84	4221.79	
MLP	8	0.1	128	10	0.005	8	48	2	0.33	4.02	3846.34	
MLP	8	0.1	128	10	0.005	8	48	4	0.29	4.86	2672.59	
MLP	8	0.1	128	10	0.005	16	8	1	0.32	4.22	3506.79	
MLP	8	0.1	128	10	0.005	16	8	2	0.33	3.87	4155.53	
MLP	8	0.1	128	10	0.005	16	8	4	0.32	3.97	3963.64	
MLP	8	0.1	128	10	0.005	16	24	1	0.31	4.14	3638.92	
MLP	8	0.1	128	10	0.005	16	24	2	0.34	4.12	3669.13	
MLP	8	0.1	128	10	0.005	16	24	4	0.3	4.46	3286.93	
MLP	8	0.1	128	10	0.005	16	48	1	0.34	4.87	2591.5	
MLP	8	0.1	128	10	0.005	16	48	2	0.33	3.83	4250.38	
MLP	8	0.1	128	10	0.005	16	48	4	0.35	4.14	3644.99	
MLP	8	0.1	128	20	0.005	4	8	1	0.33	3.84	4221.48	
MLP	8	0.1	128	20	0.005	4	8	2	0.33	3.91	4072.89	
MLP	8	0.1	128	20	0.005	4	8	4	0.35	4.07	3765.07	
MLP	8	0.1	128	20	0.005	4	24	1	0.31	4.27	3413.61	
MLP	8	0.1	128	20	0.005	4	24	2	0.3	4.73	2950.31	
MLP	8	0.1	128	20	0.005	4	24	4	0.3	3.92	4060.22	
MLP	8	0.1	128	20	0.005	4	48	1	0.46	4.01	3878.95	
MLP	8	0.1	128	20	0.005	4	48	2	0.35	3.92	4060.06	
MLP	8	0.1	128	20	0.005	4	48	4	0.29	4.85	2803.88	
MLP	8	0.1	128	20	0.005	8	8	1	0.33	4.1	3697.1	
MLP	8	0.1	128	20	0.005	8	8	2	0.32	4.05	3805.75	
MLP	8	0.1	128	20	0.005	8	8	4	0.32	3.97	3946.33	
MLP	8	0.1	128	20	0.005	8	24	1	0.31	3.91	4072.16	
MLP	8	0.1	128	20	0.005	8	24	2	0.29	3.95	3992.58	
MLP	8	0.1	128	20	0.005	8	24	4	0.29	3.85	4211.04	
MLP	8	0.1	128	20	0.005	8	48	1	0.37	4.02	3847.7	
MLP	8	0.1	128	20	0.005	8	48	2	0.34	3.86	4180.85	
MLP	8	0.1	128	20	0.005	8	48	4	0.3	3.93	4035.24	
MLP	8	0.1	128	20	0.005	16	8	1	0.34	3.98	3938.67	
MLP	8	0.1	128	20	0.005	16	8	2	0.32	4.71	3191.85	
MLP	8	0.1	128	20	0.005	16	8	4	0.37	3.91	4081.24	
MLP	8	0.1	128	20	0.005	16	24	1	0.33	4.03	3835.03	
MLP	8	0.1	128	20	0.005	16	24	2	0.35	4.12	3660.39	
MLP	8	0.1	128	20	0.005	16	24	4	0.31	4.48	3417.57	
MLP	8	0.1	128	20	0.005	16	48	1	0.35	4.04	3814.38	
MLP	8	0.1	128	20	0.005	16	48	2	0.34	4.31	3710.91	
MLP	8	0.1	128	20	0.005	16	48	4	0.31	4.74	3059.43	
MLP	8	0.5	128	1	0.005	4	8	1	0.99	6.92	1314.9	
MLP	8	0.5	128	1	0.005	4	8	2	0.97	6.77	1368.57	
MLP	8	0.5	128	1	0.005	4	8	4	1.02	6.99	1286.92	
MLP	8	0.5	128	1	0.005	4	24	1	0.91	6.67	1410.47	
MLP	8	0.5	128	1	0.005	4	24	2	0.91	6.99	1280.32	
MLP	8	0.5	128	1	0.005	4	24	4	0.93	6.67	1416.53	
MLP	8	0.5	128	1	0.005	4	48	1	1.02	7.33	1162.37	
MLP	8	0.5	128	1	0.005	4	48	2	0.95	6.61	1432.22	
MLP	8	0.5	128	1	0.005	4	48	4	0.92	7.08	1248.79	
MLP	8	0.5	128	1	0.005	8	8	1	0.98	6.62	1440.13	
MLP	8	0.5	128	1	0.005	8	8	2	0.94	6.6	1445.28	
MLP	8	0.5	128	1	0.005	8	8	4	1.05	6.54	1469.0	
MLP	8	0.5	128	1	0.005	8	24	1	0.94	7.1	1244.26	
MLP	8	0.5	128	1	0.005	8	24	2	0.92	6.98	1289.05	
MLP	8	0.5	128	1	0.005	8	24	4	0.93	6.14	1663.82	
MLP	8	0.5	128	1	0.005	8	48	1	1.08	6.75	1373.68	
MLP	8	0.5	128	1	0.005	8	48	2	0.98	7.07	1249.87	
MLP	8	0.5	128	1	0.005	8	48	4	0.92	6.84	1340.85	
MLP	8	0.5	128	1	0.005	16	8	1	0.94	6.85	1337.78	
MLP	8	0.5	128	1	0.005	16	8	2	0.96	6.6	1432.12	
MLP	8	0.5	128	1	0.005	16	8	4	0.96	6.85	1333.93	
MLP	8	0.5	128	1	0.005	16	24	1	0.9	6.95	1290.27	
MLP	8	0.5	128	1	0.005	16	24	2	0.91	6.96	1291.28	
MLP	8	0.5	128	1	0.005	16	24	4	0.93	7.26	1186.84	
MLP	8	0.5	128	1	0.005	16	48	1	0.97	7.25	1188.92	
MLP	8	0.5	128	1	0.005	16	48	2	0.97	7.12	1233.78	
MLP	8	0.5	128	1	0.005	16	48	4	0.95	6.9	1310.25	
MLP	8	0.5	128	5	0.005	4	8	1	0.98	6.5	1476.93	
MLP	8	0.5	128	5	0.005	4	8	2	0.95	7.37	1151.49	
MLP	8	0.5	128	5	0.005	4	8	4	1.09	7.23	1201.71	
MLP	8	0.5	128	5	0.005	4	24	1	1.01	7.14	1223.79	
MLP	8	0.5	128	5	0.005	4	24	2	0.96	6.71	1388.33	
MLP	8	0.5	128	5	0.005	4	24	4	0.92	7.22	1198.8	
MLP	8	0.5	128	5	0.005	4	48	1	1.02	6.56	1457.63	
MLP	8	0.5	128	5	0.005	4	48	2	0.93	6.8	1348.68	
MLP	8	0.5	128	5	0.005	4	48	4	0.89	6.48	1489.69	
MLP	8	0.5	128	5	0.005	8	8	1	0.96	6.93	1301.5	
MLP	8	0.5	128	5	0.005	8	8	2	0.96	6.95	1290.53	
MLP	8	0.5	128	5	0.005	8	8	4	1.0	6.97	1283.1	
MLP	8	0.5	128	5	0.005	8	24	1	0.95	6.75	1370.9	
MLP	8	0.5	128	5	0.005	8	24	2	0.96	7.37	1151.48	
MLP	8	0.5	128	5	0.005	8	24	4	0.9	6.61	1427.34	
MLP	8	0.5	128	5	0.005	8	48	1	1.04	7.13	1225.99	
MLP	8	0.5	128	5	0.005	8	48	2	0.93	6.87	1321.63	
MLP	8	0.5	128	5	0.005	8	48	4	0.92	7.08	1246.24	
MLP	8	0.5	128	5	0.005	16	8	1	0.95	7.09	1241.13	
MLP	8	0.5	128	5	0.005	16	8	2	0.92	6.82	1338.02	
MLP	8	0.5	128	5	0.005	16	8	4	0.97	6.53	1458.98	
MLP	8	0.5	128	5	0.005	16	24	1	0.92	6.88	1316.97	
MLP	8	0.5	128	5	0.005	16	24	2	0.94	6.99	1276.71	
MLP	8	0.5	128	5	0.005	16	24	4	0.91	7.14	1222.54	
MLP	8	0.5	128	5	0.005	16	48	1	0.97	6.86	1323.57	
MLP	8	0.5	128	5	0.005	16	48	2	0.93	6.74	1373.49	
MLP	8	0.5	128	5	0.005	16	48	4	0.93	6.83	1342.13	
MLP	8	0.5	128	10	0.005	4	8	1	0.93	6.81	1343.27	
MLP	8	0.5	128	10	0.005	4	8	2	0.97	6.85	1328.14	
MLP	8	0.5	128	10	0.005	4	8	4	0.99	6.99	1274.41	
MLP	8	0.5	128	10	0.005	4	24	1	0.96	6.83	1333.92	
MLP	8	0.5	128	10	0.005	4	24	2	0.91	6.92	1299.45	
MLP	8	0.5	128	10	0.005	4	24	4	0.94	6.98	1278.42	
MLP	8	0.5	128	10	0.005	4	48	1	1.01	6.76	1361.38	
MLP	8	0.5	128	10	0.005	4	48	2	0.96	6.93	1296.25	
MLP	8	0.5	128	10	0.005	4	48	4	0.9	6.88	1326.46	
MLP	8	0.5	128	10	0.005	8	8	1	0.96	6.9	1308.02	
MLP	8	0.5	128	10	0.005	8	8	2	0.95	6.84	1330.01	
MLP	8	0.5	128	10	0.005	8	8	4	0.98	7.47	1114.97	
MLP	8	0.5	128	10	0.005	8	24	1	0.97	7.14	1234.97	
MLP	8	0.5	128	10	0.005	8	24	2	0.92	6.78	1355.75	
MLP	8	0.5	128	10	0.005	8	24	4	0.94	6.9	1309.62	
MLP	8	0.5	128	10	0.005	8	48	1	1.0	6.95	1288.16	
MLP	8	0.5	128	10	0.005	8	48	2	0.91	6.79	1351.76	
MLP	8	0.5	128	10	0.005	8	48	4	0.93	6.84	1332.33	
MLP	8	0.5	128	10	0.005	16	8	1	0.91	6.93	1295.86	
MLP	8	0.5	128	10	0.005	16	8	2	0.94	6.87	1317.52	
MLP	8	0.5	128	10	0.005	16	8	4	0.96	6.74	1370.31	
MLP	8	0.5	128	10	0.005	16	24	1	0.94	6.96	1284.14	
MLP	8	0.5	128	10	0.005	16	24	2	0.93	6.89	1326.06	
MLP	8	0.5	128	10	0.005	16	24	4	0.92	6.61	1423.22	
MLP	8	0.5	128	10	0.005	16	48	1	0.98	6.98	1292.65	
MLP	8	0.5	128	10	0.005	16	48	2	0.96	6.78	1355.44	
MLP	8	0.5	128	10	0.005	16	48	4	0.96	6.84	1330.36	
MLP	8	0.5	128	20	0.005	4	8	1	0.97	6.8	1347.76	
MLP	8	0.5	128	20	0.005	4	8	2	1.07	6.92	1300.14	
MLP	8	0.5	128	20	0.005	4	8	4	0.99	7.0	1268.77	
MLP	8	0.5	128	20	0.005	4	24	1	0.93	6.97	1279.33	
MLP	8	0.5	128	20	0.005	4	24	2	0.9	7.11	1236.78	
MLP	8	0.5	128	20	0.005	4	24	4	0.93	6.95	1288.94	
MLP	8	0.5	128	20	0.005	4	48	1	1.21	6.79	1359.43	
MLP	8	0.5	128	20	0.005	4	48	2	0.94	6.99	1273.46	
MLP	8	0.5	128	20	0.005	4	48	4	0.91	6.88	1315.38	
MLP	8	0.5	128	20	0.005	8	8	1	0.97	7.02	1261.79	
MLP	8	0.5	128	20	0.005	8	8	2	0.94	6.91	1307.51	
MLP	8	0.5	128	20	0.005	8	8	4	0.92	6.65	1406.3	
MLP	8	0.5	128	20	0.005	8	24	1	0.95	7.05	1251.67	
MLP	8	0.5	128	20	0.005	8	24	2	0.92	7.11	1248.0	
MLP	8	0.5	128	20	0.005	8	24	4	0.91	6.8	1346.29	
MLP	8	0.5	128	20	0.005	8	48	1	0.98	6.9	1308.32	
MLP	8	0.5	128	20	0.005	8	48	2	0.92	7.29	1185.03	
MLP	8	0.5	128	20	0.005	8	48	4	0.92	6.88	1326.99	
MLP	8	0.5	128	20	0.005	16	8	1	0.95	6.77	1356.05	
MLP	8	0.5	128	20	0.005	16	8	2	0.95	6.82	1336.13	
MLP	8	0.5	128	20	0.005	16	8	4	0.98	7.05	1252.54	
MLP	8	0.5	128	20	0.005	16	24	1	0.93	6.79	1348.56	
MLP	8	0.5	128	20	0.005	16	24	2	0.9	7.04	1265.95	
MLP	8	0.5	128	20	0.005	16	24	4	0.92	6.72	1386.15	
MLP	8	0.5	128	20	0.005	16	48	1	1.01	6.94	1296.84	
MLP	8	0.5	128	20	0.005	16	48	2	0.95	6.78	1361.82	
MLP	8	0.5	128	20	0.005	16	48	4	0.92	7.07	1244.99	
MLP	8	0.05	128	1	0.01	4	8	1	0.26	4.17	3700.25	
MLP	8	0.05	128	1	0.01	4	8	2	0.27	4.27	3532.13	
MLP	8	0.05	128	1	0.01	4	8	4	0.2	3.88	4243.88	
MLP	8	0.05	128	1	0.01	4	24	1	0.25	3.64	4782.81	
MLP	8	0.05	128	1	0.01	4	24	2	0.24	4.02	3927.07	
MLP	8	0.05	128	1	0.01	4	24	4	0.2	4.39	3299.14	
MLP	8	0.05	128	1	0.01	4	48	1	0.71	3.22	6055.42	
MLP	8	0.05	128	1	0.01	4	48	2	0.54	3.56	4965.23	
MLP	8	0.05	128	1	0.01	4	48	4	0.22	4.01	3917.3	
MLP	8	0.05	128	1	0.01	8	8	1	0.22	4.28	3489.08	
MLP	8	0.05	128	1	0.01	8	8	2	0.31	3.48	5238.38	
MLP	8	0.05	128	1	0.01	8	8	4	0.23	3.75	4524.91	
MLP	8	0.05	128	1	0.01	8	24	1	0.28	4.17	3609.45	
MLP	8	0.05	128	1	0.01	8	24	2	0.22	3.87	4220.09	
MLP	8	0.05	128	1	0.01	8	24	4	0.29	3.87	4200.39	
MLP	8	0.05	128	1	0.01	8	48	1	0.62	3.3	5792.73	
MLP	8	0.05	128	1	0.01	8	48	2	0.3	4.56	3010.83	
MLP	8	0.05	128	1	0.01	8	48	4	0.23	3.47	5258.68	
MLP	8	0.05	128	1	0.01	16	8	1	0.24	4.04	3904.44	
MLP	8	0.05	128	1	0.01	16	8	2	0.19	4.03	3866.85	
MLP	8	0.05	128	1	0.01	16	8	4	0.19	3.85	4206.04	
MLP	8	0.05	128	1	0.01	16	24	1	0.24	3.5	5132.81	
MLP	8	0.05	128	1	0.01	16	24	2	0.22	4.43	3179.49	
MLP	8	0.05	128	1	0.01	16	24	4	0.23	3.49	5133.16	
MLP	8	0.05	128	1	0.01	16	48	1	0.29	4.07	3764.98	
MLP	8	0.05	128	1	0.01	16	48	2	0.26	4.59	2957.61	
MLP	8	0.05	128	1	0.01	16	48	4	0.32	3.41	5390.02	
MLP	8	0.05	128	5	0.01	4	8	1	0.25	3.95	4010.65	
MLP	8	0.05	128	5	0.01	4	8	2	0.19	3.67	4640.7	
MLP	8	0.05	128	5	0.01	4	8	4	0.23	3.74	4457.74	
MLP	8	0.05	128	5	0.01	4	24	1	0.36	3.83	4266.79	
MLP	8	0.05	128	5	0.01	4	24	2	0.29	3.81	4302.06	
MLP	8	0.05	128	5	0.01	4	24	4	0.23	3.56	4935.61	
MLP	8	0.05	128	5	0.01	4	48	1	3.64	3.73	4499.02	
MLP	8	0.05	128	5	0.01	4	48	2	0.33	4.15	3622.04	
MLP	8	0.05	128	5	0.01	4	48	4	0.27	3.82	4294.73	
MLP	8	0.05	128	5	0.01	8	8	1	0.2	3.74	4470.88	
MLP	8	0.05	128	5	0.01	8	8	2	0.23	3.72	4510.28	
MLP	8	0.05	128	5	0.01	8	8	4	0.23	3.84	4246.03	
MLP	8	0.05	128	5	0.01	8	24	1	0.24	3.57	4892.62	
MLP	8	0.05	128	5	0.01	8	24	2	0.19	3.81	4292.1	
MLP	8	0.05	128	5	0.01	8	24	4	0.21	3.79	4342.96	
MLP	8	0.05	128	5	0.01	8	48	1	1.72	4.5	3081.31	
MLP	8	0.05	128	5	0.01	8	48	2	0.31	3.49	5122.95	
MLP	8	0.05	128	5	0.01	8	48	4	0.25	3.93	4051.43	
MLP	8	0.05	128	5	0.01	16	8	1	0.23	3.93	4043.04	
MLP	8	0.05	128	5	0.01	16	8	2	0.2	3.71	4545.79	
MLP	8	0.05	128	5	0.01	16	8	4	0.2	3.78	4364.24	
MLP	8	0.05	128	5	0.01	16	24	1	0.26	3.82	4274.93	
MLP	8	0.05	128	5	0.01	16	24	2	0.21	4.05	3807.74	
MLP	8	0.05	128	5	0.01	16	24	4	0.22	3.78	4356.58	
MLP	8	0.05	128	5	0.01	16	48	1	0.44	3.86	4174.69	
MLP	8	0.05	128	5	0.01	16	48	2	0.53	3.65	4674.71	
MLP	8	0.05	128	5	0.01	16	48	4	0.24	3.75	4428.06	
MLP	8	0.05	128	10	0.01	4	8	1	0.23	3.91	4076.49	
MLP	8	0.05	128	10	0.01	4	8	2	0.23	3.67	4634.2	
MLP	8	0.05	128	10	0.01	4	8	4	0.21	3.63	4738.77	
MLP	8	0.05	128	10	0.01	4	24	1	0.28	3.85	4199.78	
MLP	8	0.05	128	10	0.01	4	24	2	0.2	3.68	4588.44	
MLP	8	0.05	128	10	0.01	4	24	4	0.19	3.72	4509.29	
MLP	8	0.05	128	10	0.01	4	48	1	1.07	3.52	5049.25	
MLP	8	0.05	128	10	0.01	4	48	2	0.39	3.73	4484.28	
MLP	8	0.05	128	10	0.01	4	48	4	0.22	3.77	4386.26	
MLP	8	0.05	128	10	0.01	8	8	1	0.23	3.64	4690.11	
MLP	8	0.05	128	10	0.01	8	8	2	0.2	3.77	4380.48	
MLP	8	0.05	128	10	0.01	8	8	4	0.2	3.77	4378.16	
MLP	8	0.05	128	10	0.01	8	24	1	0.31	3.79	4342.91	
MLP	8	0.05	128	10	0.01	8	24	2	0.22	3.82	4268.44	
MLP	8	0.05	128	10	0.01	8	24	4	0.21	3.63	4726.81	
MLP	8	0.05	128	10	0.01	8	48	1	0.82	3.79	4330.77	
MLP	8	0.05	128	10	0.01	8	48	2	0.3	3.9	4102.39	
MLP	8	0.05	128	10	0.01	8	48	4	0.22	3.72	4499.82	
MLP	8	0.05	128	10	0.01	16	8	1	0.24	3.94	4017.15	
MLP	8	0.05	128	10	0.01	16	8	2	0.2	3.84	4235.04	
MLP	8	0.05	128	10	0.01	16	8	4	0.27	3.62	4756.75	
MLP	8	0.05	128	10	0.01	16	24	1	0.25	3.98	3929.02	
MLP	8	0.05	128	10	0.01	16	24	2	0.26	4.14	3637.71	
MLP	8	0.05	128	10	0.01	16	24	4	0.2	3.66	4655.84	
MLP	8	0.05	128	10	0.01	16	48	1	0.44	4.27	3467.56	
MLP	8	0.05	128	10	0.01	16	48	2	0.43	3.75	4420.23	
MLP	8	0.05	128	10	0.01	16	48	4	0.26	3.99	3915.58	
MLP	8	0.05	128	20	0.01	4	8	1	0.25	3.71	4522.59	
MLP	8	0.05	128	20	0.01	4	8	2	0.21	3.69	4570.73	
MLP	8	0.05	128	20	0.01	4	8	4	0.2	3.88	4128.68	
MLP	8	0.05	128	20	0.01	4	24	1	0.62	3.82	4258.84	
MLP	8	0.05	128	20	0.01	4	24	2	0.24	3.74	4443.58	
MLP	8	0.05	128	20	0.01	4	24	4	0.22	3.64	4711.24	
MLP	8	0.05	128	20	0.01	4	48	1	0.78	3.73	4486.7	
MLP	8	0.05	128	20	0.01	4	48	2	0.43	3.77	4390.81	
MLP	8	0.05	128	20	0.01	4	48	4	0.24	3.78	4368.59	
MLP	8	0.05	128	20	0.01	8	8	1	0.26	3.54	4982.26	
MLP	8	0.05	128	20	0.01	8	8	2	0.2	3.78	4357.74	
MLP	8	0.05	128	20	0.01	8	8	4	0.21	3.7	4545.53	
MLP	8	0.05	128	20	0.01	8	24	1	0.5	3.83	4253.68	
MLP	8	0.05	128	20	0.01	8	24	2	0.24	3.51	5041.8	
MLP	8	0.05	128	20	0.01	8	24	4	0.19	3.79	4339.04	
MLP	8	0.05	128	20	0.01	8	48	1	0.5	3.59	4839.35	
MLP	8	0.05	128	20	0.01	8	48	2	0.36	3.86	4180.58	
MLP	8	0.05	128	20	0.01	8	48	4	0.28	3.65	4666.9	
MLP	8	0.05	128	20	0.01	16	8	1	0.23	3.59	4820.04	
MLP	8	0.05	128	20	0.01	16	8	2	0.23	3.75	4439.28	
MLP	8	0.05	128	20	0.01	16	8	4	2.5	0.0	117844.24	
MLP	8	0.05	128	20	0.01	16	24	1	0.29	3.55	4950.04	
MLP	8	0.05	128	20	0.01	16	24	2	0.25	4.04	4289.73	
MLP	8	0.05	128	20	0.01	16	24	4	0.23	3.74	4451.97	
MLP	8	0.05	128	20	0.01	16	48	1	0.49	4.05	3806.94	
MLP	8	0.05	128	20	0.01	16	48	2	0.3	3.94	4483.68	
MLP	8	0.05	128	20	0.01	16	48	4	0.26	3.67	4629.82	
MLP	8	0.1	128	1	0.01	4	8	1	0.42	4.21	3616.85	
MLP	8	0.1	128	1	0.01	4	8	2	0.31	4.3	3431.84	
MLP	8	0.1	128	1	0.01	4	8	4	0.3	4.24	3485.41	
MLP	8	0.1	128	1	0.01	4	24	1	0.69	4.17	3600.39	
MLP	8	0.1	128	1	0.01	4	24	2	0.33	4.27	3454.22	
MLP	8	0.1	128	1	0.01	4	24	4	0.33	4.39	3260.16	
MLP	8	0.1	128	1	0.01	4	48	1	3.4	5.41	2149.99	
MLP	8	0.1	128	1	0.01	4	48	2	0.47	4.28	3743.44	
MLP	8	0.1	128	1	0.01	4	48	4	0.29	4.15	3639.98	
MLP	8	0.1	128	1	0.01	8	8	1	0.4	4.2	3584.49	
MLP	8	0.1	128	1	0.01	8	8	2	0.31	4.14	3671.54	
MLP	8	0.1	128	1	0.01	8	8	4	0.3	4.07	3819.56	
MLP	8	0.1	128	1	0.01	8	24	1	0.38	4.74	2806.53	
MLP	8	0.1	128	1	0.01	8	24	2	0.38	4.21	3541.31	
MLP	8	0.1	128	1	0.01	8	24	4	0.29	4.88	2648.49	
MLP	8	0.1	128	1	0.01	8	48	1	0.73	4.15	3630.81	
MLP	8	0.1	128	1	0.01	8	48	2	0.47	4.36	3284.4	
MLP	8	0.1	128	1	0.01	8	48	4	0.39	4.29	3405.37	
MLP	8	0.1	128	1	0.01	16	8	1	0.31	4.66	2887.53	
MLP	8	0.1	128	1	0.01	16	8	2	0.33	4.15	3668.82	
MLP	8	0.1	128	1	0.01	16	8	4	0.31	3.95	4013.16	
MLP	8	0.1	128	1	0.01	16	24	1	0.36	4.14	3653.51	
MLP	8	0.1	128	1	0.01	16	24	2	0.35	4.1	3805.32	
MLP	8	0.1	128	1	0.01	16	24	4	0.32	4.37	3266.22	
MLP	8	0.1	128	1	0.01	16	48	1	0.48	4.24	3464.03	
MLP	8	0.1	128	1	0.01	16	48	2	0.7	4.0	3893.88	
MLP	8	0.1	128	1	0.01	16	48	4	0.35	4.23	3482.77	
MLP	8	0.1	128	5	0.01	4	8	1	0.41	4.01	3896.42	
MLP	8	0.1	128	5	0.01	4	8	2	0.3	3.9	4113.47	
MLP	8	0.1	128	5	0.01	4	8	4	0.29	3.87	4163.93	
MLP	8	0.1	128	5	0.01	4	24	1	0.55	4.21	3537.75	
MLP	8	0.1	128	5	0.01	4	24	2	0.34	3.95	4017.12	
MLP	8	0.1	128	5	0.01	4	24	4	0.33	4.04	3828.2	
MLP	8	0.1	128	5	0.01	4	48	1	1.19	4.18	3580.68	
MLP	8	0.1	128	5	0.01	4	48	2	0.41	4.12	3678.39	
MLP	8	0.1	128	5	0.01	4	48	4	0.35	3.92	4060.21	
MLP	8	0.1	128	5	0.01	8	8	1	0.29	3.95	3987.83	
MLP	8	0.1	128	5	0.01	8	8	2	0.34	4.08	3742.68	
MLP	8	0.1	128	5	0.01	8	8	4	0.31	4.02	3859.53	
MLP	8	0.1	128	5	0.01	8	24	1	0.51	4.23	3493.38	
MLP	8	0.1	128	5	0.01	8	24	2	0.35	3.85	4221.27	
MLP	8	0.1	128	5	0.01	8	24	4	0.32	4.19	3569.36	
MLP	8	0.1	128	5	0.01	8	48	1	0.75	4.06	3794.68	
MLP	8	0.1	128	5	0.01	8	48	2	0.41	4.06	3786.22	
MLP	8	0.1	128	5	0.01	8	48	4	0.35	4.02	3853.17	
MLP	8	0.1	128	5	0.01	16	8	1	0.33	3.98	3938.98	
MLP	8	0.1	128	5	0.01	16	8	2	0.29	4.3	3366.65	
MLP	8	0.1	128	5	0.01	16	8	4	0.31	4.14	3642.13	
MLP	8	0.1	128	5	0.01	16	24	1	0.52	3.88	4160.16	
MLP	8	0.1	128	5	0.01	16	24	2	0.35	4.14	3645.84	
MLP	8	0.1	128	5	0.01	16	24	4	0.32	3.97	3954.54	
MLP	8	0.1	128	5	0.01	16	48	1	0.59	4.02	3866.35	
MLP	8	0.1	128	5	0.01	16	48	2	0.38	3.99	3904.09	
MLP	8	0.1	128	5	0.01	16	48	4	0.38	4.4	3224.64	
MLP	8	0.1	128	10	0.01	4	8	1	0.33	3.93	4028.81	
MLP	8	0.1	128	10	0.01	4	8	2	0.31	4.13	3662.1	
MLP	8	0.1	128	10	0.01	4	8	4	0.31	3.86	4176.14	
MLP	8	0.1	128	10	0.01	4	24	1	0.43	3.91	4074.11	
MLP	8	0.1	128	10	0.01	4	24	2	0.37	3.91	4064.24	
MLP	8	0.1	128	10	0.01	4	24	4	0.31	3.92	4052.86	
MLP	8	0.1	128	10	0.01	4	48	1	1.02	4.26	3427.01	
MLP	8	0.1	128	10	0.01	4	48	2	0.56	3.89	4124.34	
MLP	8	0.1	128	10	0.01	4	48	4	0.33	4.54	3185.53	
MLP	8	0.1	128	10	0.01	8	8	1	0.39	4.03	3827.95	
MLP	8	0.1	128	10	0.01	8	8	2	0.31	3.98	3931.17	
MLP	8	0.1	128	10	0.01	8	8	4	0.35	4.12	3669.43	
MLP	8	0.1	128	10	0.01	8	24	1	0.35	4.13	3648.2	
MLP	8	0.1	128	10	0.01	8	24	2	0.33	4.11	3680.64	
MLP	8	0.1	128	10	0.01	8	24	4	0.33	3.99	3913.57	
MLP	8	0.1	128	10	0.01	8	48	1	1.04	4.07	3817.14	
MLP	8	0.1	128	10	0.01	8	48	2	0.49	3.96	3969.42	
MLP	8	0.1	128	10	0.01	8	48	4	0.36	4.54	3403.03	
MLP	8	0.1	128	10	0.01	16	8	1	0.37	3.88	4131.97	
MLP	8	0.1	128	10	0.01	16	8	2	0.32	3.86	4191.49	
MLP	8	0.1	128	10	0.01	16	8	4	0.3	4.05	3806.06	
MLP	8	0.1	128	10	0.01	16	24	1	0.33	4.07	3750.99	
MLP	8	0.1	128	10	0.01	16	24	2	0.35	4.07	3759.43	
MLP	8	0.1	128	10	0.01	16	24	4	0.32	4.14	3636.27	
MLP	8	0.1	128	10	0.01	16	48	1	0.82	4.62	3157.7	
MLP	8	0.1	128	10	0.01	16	48	2	0.45	4.0	3886.05	
MLP	8	0.1	128	10	0.01	16	48	4	0.34	4.03	3842.53	
MLP	8	0.1	128	20	0.01	4	8	1	0.31	3.98	3922.68	
MLP	8	0.1	128	20	0.01	4	8	2	0.31	4.02	3856.72	
MLP	8	0.1	128	20	0.01	4	8	4	0.3	4.11	3678.55	
MLP	8	0.1	128	20	0.01	4	24	1	0.6	4.01	3864.28	
MLP	8	0.1	128	20	0.01	4	24	2	0.36	4.16	3591.56	
MLP	8	0.1	128	20	0.01	4	24	4	0.33	3.97	3954.98	
MLP	8	0.1	128	20	0.01	4	48	1	17.9	3.94	4003.2	
MLP	8	0.1	128	20	0.01	4	48	2	0.53	3.97	3958.17	
MLP	8	0.1	128	20	0.01	4	48	4	0.37	3.96	3972.32	
MLP	8	0.1	128	20	0.01	8	8	1	0.38	4.02	3849.83	
MLP	8	0.1	128	20	0.01	8	8	2	0.33	3.98	3939.11	
MLP	8	0.1	128	20	0.01	8	8	4	0.3	4.01	3875.39	
MLP	8	0.1	128	20	0.01	8	24	1	0.47	3.99	3916.27	
MLP	8	0.1	128	20	0.01	8	24	2	0.33	3.92	4041.81	
MLP	8	0.1	128	20	0.01	8	24	4	0.29	3.84	4229.12	
MLP	8	0.1	128	20	0.01	8	48	1	2.73	4.12	3664.14	
MLP	8	0.1	128	20	0.01	8	48	2	0.43	4.1	3700.11	
MLP	8	0.1	128	20	0.01	8	48	4	0.32	3.91	4071.98	
MLP	8	0.1	128	20	0.01	16	8	1	0.35	4.06	3776.82	
MLP	8	0.1	128	20	0.01	16	8	2	0.35	3.96	3974.62	
MLP	8	0.1	128	20	0.01	16	8	4	0.34	3.83	4254.67	
MLP	8	0.1	128	20	0.01	16	24	1	0.37	3.87	4148.1	
MLP	8	0.1	128	20	0.01	16	24	2	0.42	4.08	3736.4	
MLP	8	0.1	128	20	0.01	16	24	4	0.3	3.85	4193.0	
MLP	8	0.1	128	20	0.01	16	48	1	0.56	4.06	3784.08	
MLP	8	0.1	128	20	0.01	16	48	2	0.42	3.83	4255.63	
MLP	8	0.1	128	20	0.01	16	48	4	0.38	4.36	3396.16	
MLP	8	0.5	128	1	0.01	4	8	1	0.96	7.35	1164.85	
MLP	8	0.5	128	1	0.01	4	8	2	0.93	6.8	1353.06	
MLP	8	0.5	128	1	0.01	4	8	4	0.95	7.38	1154.28	
MLP	8	0.5	128	1	0.01	4	24	1	1.09	6.36	1547.27	
MLP	8	0.5	128	1	0.01	4	24	2	0.93	6.54	1461.62	
MLP	8	0.5	128	1	0.01	4	24	4	0.91	6.73	1399.69	
MLP	8	0.5	128	1	0.01	4	48	1	1.54	6.93	1299.48	
MLP	8	0.5	128	1	0.01	4	48	2	0.99	7.39	1143.48	
MLP	8	0.5	128	1	0.01	4	48	4	0.91	7.16	1216.63	
MLP	8	0.5	128	1	0.01	8	8	1	0.94	7.74	1050.51	
MLP	8	0.5	128	1	0.01	8	8	2	0.92	6.7	1398.86	
MLP	8	0.5	128	1	0.01	8	8	4	0.91	7.01	1270.37	
MLP	8	0.5	128	1	0.01	8	24	1	1.01	7.91	1002.51	
MLP	8	0.5	128	1	0.01	8	24	2	0.94	6.7	1392.73	
MLP	8	0.5	128	1	0.01	8	24	4	0.95	6.47	1500.73	
MLP	8	0.5	128	1	0.01	8	48	1	1.9	5.15	2363.35	
MLP	8	0.5	128	1	0.01	8	48	2	1.07	6.7	1392.84	
MLP	8	0.5	128	1	0.01	8	48	4	0.97	6.46	1501.21	
MLP	8	0.5	128	1	0.01	16	8	1	0.97	6.97	1284.22	
MLP	8	0.5	128	1	0.01	16	8	2	2.51	5.47	339442.92	
MLP	8	0.5	128	1	0.01	16	8	4	0.96	6.58	1440.48	
MLP	8	0.5	128	1	0.01	16	24	1	0.95	6.62	1425.3	
MLP	8	0.5	128	1	0.01	16	24	2	0.94	7.29	1171.42	
MLP	8	0.5	128	1	0.01	16	24	4	0.94	7.02	1264.19	
MLP	8	0.5	128	1	0.01	16	48	1	1.06	6.54	1459.09	
MLP	8	0.5	128	1	0.01	16	48	2	1.03	6.44	1504.09	
MLP	8	0.5	128	1	0.01	16	48	4	0.99	6.65	1410.69	
MLP	8	0.5	128	5	0.01	4	8	1	0.95	6.81	1341.84	
MLP	8	0.5	128	5	0.01	4	8	2	0.93	6.88	1316.7	
MLP	8	0.5	128	5	0.01	4	8	4	0.97	6.66	1405.88	
MLP	8	0.5	128	5	0.01	4	24	1	1.03	6.99	1274.29	
MLP	8	0.5	128	5	0.01	4	24	2	0.91	6.76	1364.47	
MLP	8	0.5	128	5	0.01	4	24	4	0.94	6.74	1370.45	
MLP	8	0.5	128	5	0.01	4	48	1	3.82	6.83	1340.0	
MLP	8	0.5	128	5	0.01	4	48	2	1.06	7.03	1261.51	
MLP	8	0.5	128	5	0.01	4	48	4	0.98	6.95	1292.4	
MLP	8	0.5	128	5	0.01	8	8	1	0.98	6.65	1407.81	
MLP	8	0.5	128	5	0.01	8	8	2	0.93	6.73	1374.41	
MLP	8	0.5	128	5	0.01	8	8	4	0.93	7.21	1197.53	
MLP	8	0.5	128	5	0.01	8	24	1	0.98	6.74	1368.4	
MLP	8	0.5	128	5	0.01	8	24	2	0.94	6.72	1377.58	
MLP	8	0.5	128	5	0.01	8	24	4	0.94	6.74	1374.04	
MLP	8	0.5	128	5	0.01	8	48	1	1.38	6.79	1349.72	
MLP	8	0.5	128	5	0.01	8	48	2	0.99	7.09	1239.79	
MLP	8	0.5	128	5	0.01	8	48	4	0.97	6.77	1360.28	
MLP	8	0.5	128	5	0.01	16	8	1	0.93	6.85	1326.64	
MLP	8	0.5	128	5	0.01	16	8	2	0.96	6.61	1425.79	
MLP	8	0.5	128	5	0.01	16	8	4	0.92	6.89	1312.81	
MLP	8	0.5	128	5	0.01	16	24	1	1.01	7.0	1271.09	
MLP	8	0.5	128	5	0.01	16	24	2	0.94	7.11	1230.96	
MLP	8	0.5	128	5	0.01	16	24	4	0.91	6.94	1297.54	
MLP	8	0.5	128	5	0.01	16	48	1	1.04	6.97	1282.14	
MLP	8	0.5	128	5	0.01	16	48	2	1.04	6.87	1317.25	
MLP	8	0.5	128	5	0.01	16	48	4	0.94	6.9	1305.73	
MLP	8	0.5	128	10	0.01	4	8	1	0.98	6.96	1283.37	
MLP	8	0.5	128	10	0.01	4	8	2	0.93	6.93	1294.66	
MLP	8	0.5	128	10	0.01	4	8	4	0.94	6.95	1287.29	
MLP	8	0.5	128	10	0.01	4	24	1	0.97	6.76	1363.27	
MLP	8	0.5	128	10	0.01	4	24	2	0.93	6.7	1384.6	
MLP	8	0.5	128	10	0.01	4	24	4	0.91	6.84	1330.85	
MLP	8	0.5	128	10	0.01	4	48	1	2.85	7.11	1231.01	
MLP	8	0.5	128	10	0.01	4	48	2	0.99	6.95	1289.34	
MLP	8	0.5	128	10	0.01	4	48	4	0.94	6.98	1277.02	
MLP	8	0.5	128	10	0.01	8	8	1	0.91	6.77	1356.77	
MLP	8	0.5	128	10	0.01	8	8	2	0.93	6.66	1404.67	
MLP	8	0.5	128	10	0.01	8	8	4	0.9	6.91	1302.91	
MLP	8	0.5	128	10	0.01	8	24	1	0.99	6.96	1284.16	
MLP	8	0.5	128	10	0.01	8	24	2	0.93	6.61	1433.04	
MLP	8	0.5	128	10	0.01	8	24	4	0.93	6.86	1323.65	
MLP	8	0.5	128	10	0.01	8	48	1	1.54	6.95	1288.25	
MLP	8	0.5	128	10	0.01	8	48	2	1.05	6.79	1350.06	
MLP	8	0.5	128	10	0.01	8	48	4	0.94	6.89	1311.75	
MLP	8	0.5	128	10	0.01	16	8	1	0.92	6.81	1343.64	
MLP	8	0.5	128	10	0.01	16	8	2	0.91	6.92	1300.17	
MLP	8	0.5	128	10	0.01	16	8	4	0.93	6.49	1476.05	
MLP	8	0.5	128	10	0.01	16	24	1	0.99	6.88	1314.59	
MLP	8	0.5	128	10	0.01	16	24	2	0.96	6.79	1349.09	
MLP	8	0.5	128	10	0.01	16	24	4	0.91	6.81	1340.35	
MLP	8	0.5	128	10	0.01	16	48	1	1.0	7.14	1219.45	
MLP	8	0.5	128	10	0.01	16	48	2	1.01	6.54	1456.55	
MLP	8	0.5	128	10	0.01	16	48	4	0.96	6.93	1297.53	
MLP	8	0.5	128	20	0.01	4	8	1	0.97	6.76	1361.7	
MLP	8	0.5	128	20	0.01	4	8	2	0.96	6.82	1345.15	
MLP	8	0.5	128	20	0.01	4	8	4	0.95	6.91	1303.84	
MLP	8	0.5	128	20	0.01	4	24	1	1.01	6.8	1344.53	
MLP	8	0.5	128	20	0.01	4	24	2	0.94	6.7	1384.48	
MLP	8	0.5	128	20	0.01	4	24	4	0.92	6.86	1326.3	
MLP	8	0.5	128	20	0.01	4	48	1	1.81	7.04	1255.11	
MLP	8	0.5	128	20	0.01	4	48	2	1.03	6.44	1500.32	
MLP	8	0.5	128	20	0.01	4	48	4	0.93	6.76	1363.44	
MLP	8	0.5	128	20	0.01	8	8	1	0.93	6.84	1329.35	
MLP	8	0.5	128	20	0.01	8	8	2	0.91	6.95	1288.93	
MLP	8	0.5	128	20	0.01	8	8	4	0.95	7.0	1271.03	
MLP	8	0.5	128	20	0.01	8	24	1	0.97	6.98	1278.06	
MLP	8	0.5	128	20	0.01	8	24	2	0.93	6.95	1289.44	
MLP	8	0.5	128	20	0.01	8	24	4	0.91	6.88	1314.53	
MLP	8	0.5	128	20	0.01	8	48	1	1.13	6.66	1401.45	
MLP	8	0.5	128	20	0.01	8	48	2	1.04	6.84	1328.87	
MLP	8	0.5	128	20	0.01	8	48	4	0.94	6.93	1304.18	
MLP	8	0.5	128	20	0.01	16	8	1	0.97	6.8	1366.47	
MLP	8	0.5	128	20	0.01	16	8	2	0.93	6.92	1298.42	
MLP	8	0.5	128	20	0.01	16	8	4	0.92	6.83	1332.98	
MLP	8	0.5	128	20	0.01	16	24	1	0.93	6.72	1398.79	
MLP	8	0.5	128	20	0.01	16	24	2	1.0	7.07	1245.13	
MLP	8	0.5	128	20	0.01	16	24	4	0.92	7.01	1266.69	
MLP	8	0.5	128	20	0.01	16	48	1	1.07	6.66	1402.95	
MLP	8	0.5	128	20	0.01	16	48	2	1.06	6.58	1437.86	
MLP	8	0.5	128	20	0.01	16	48	4	0.98	7.07	1257.6	